name	value	family	file_offset
snf_false	0	snf_	0x80C000
snf_truth	1	snf_	0x80C024
sn_win_sw0	2	sn_	0x80C048
sn_win_sw1	3	sn_	0x80C06C
sn_win_sw2	4	sn_	0x80C090
sn_win_sw3	5	sn_	0x80C0B4
sn_win_sw4	6	sn_	0x80C0D8
sn_win_sw5	7	sn_	0x80C0FC
sn_win_sw6	8	sn_	0x80C120
sn_win_sw7	9	sn_	0x80C144
sn_dungeon_exit_dead	10	sn_	0x80C168
sn_plt_pool_clothes	11	sn_	0x80C18C
sn_open_kikikaesita01	12	sn_	0x80C1B0
F_get_bike	13	F_	0x80C1D4
F_get_bike_b	14	F_	0x80C1F8
sn_open_wake_up_end	15	sn_	0x80C21C
sn_open_yoda_out00	16	sn_	0x80C240
sn_open_niko_mam_talk_end	17	sn_	0x80C264
sn_open_sekkyo_ready	18	sn_	0x80C288
sn_open_sekkyo_touch	19	sn_	0x80C2AC
sn_open_sekkyo_end	20	sn_	0x80C2D0
sn_open_end	21	sn_	0x80C2F4
sn_mam_pan_give	22	sn_	0x80C318
sn_angel_end	23	sn_	0x80C33C
mam_first_01_talk	24	mam_	0x80C360
mam_first_02_talk	25	mam_	0x80C384
mam_first_03_talk	26	mam_	0x80C3A8
mam_first_04_talk	27	mam_	0x80C3CC
mam_first_07_talk	28	mam_	0x80C3F0
mam_first_08_talk	29	mam_	0x80C414
mam_first_220_talk	30	mam_	0x80C438
sn_minigame_start_fg	31	sn_	0x80C45C
fg_ost_demo_home_00_end	32	fg_	0x80C480
fg_ost_demo_home_01_end	33	fg_	0x80C4A4
fg_ost_demo_home_02_end	34	fg_	0x80C4C8
fg_ost_demo_home_03_end	35	fg_	0x80C4EC
fg_ost_demo_home_04_end	36	fg_	0x80C510
Fc_home0	37	Fc_	0x80C534
F_home0	38	F_	0x80C558
Fr_home0_play	39	Fr_	0x80C57C
Ft_home0_play	40	Ft_	0x80C5A0
Fr_home0_rees	41	Fr_	0x80C5C4
Ft_home0_rees	42	Ft_	0x80C5E8
Fr_home0_wedy	43	Fr_	0x80C60C
Ft_home0_wedy	44	Ft_	0x80C630
Fr_home0_niko	45	Fr_	0x80C654
Ft_home0_niko	46	Ft_	0x80C678
Fr_home0_yoda	47	Fr_	0x80C69C
Ft_home0_yoda	48	Ft_	0x80C6C0
Fr_home0_scene00	49	Fr_	0x80C6E4
Ft_home0_event	50	Ft_	0x80C708
Fc_playland	51	Fc_	0x80C72C
F_playland	52	F_	0x80C750
Fr_playland_setumeiin	53	Fr_	0x80C774
Ft_playland_setumeiin	54	Ft_	0x80C798
Fr_playland_scene00	55	Fr_	0x80C7BC
Ft_playland_event	56	Ft_	0x80C7E0
Fc_playland2	57	Fc_	0x80C804
F_playland2	58	F_	0x80C828
Fr_playland2_setumeiin	59	Fr_	0x80C84C
Ft_playland2_setumeiin	60	Ft_	0x80C870
Fr_playland2_scene00	61	Fr_	0x80C894
Ft_playland2_event	62	Ft_	0x80C8B8
F_act_player	63	F_	0x80C8DC
F_act_mascot	64	F_	0x80C900
F_act_gy	65	F_	0x80C924
F_act_rees	66	F_	0x80C948
F_act_wedy	67	F_	0x80C96C
F_act_gosh	68	F_	0x80C990
F_act_selfy	69	F_	0x80C9B4
F_act_paty	70	F_	0x80C9D8
F_act_far	71	F_	0x80C9FC
F_act_mia	72	F_	0x80CA20
F_act_niko	73	F_	0x80CA44
F_act_vivian	74	F_	0x80CA68
F_act_cheril	75	F_	0x80CA8C
F_act_pen	76	F_	0x80CAB0
F_act_fon	77	F_	0x80CAD4
F_act_bary	78	F_	0x80CAF8
F_act_veldo	79	F_	0x80CB1C
F_act_okami	80	F_	0x80CB40
F_act_brten	81	F_	0x80CB64
F_act_wata	82	F_	0x80CB88
F_act_silver	83	F_	0x80CBAC
F_act_yoda	84	F_	0x80CBD0
F_act_hal	85	F_	0x80CBF4
F_act_tonka	86	F_	0x80CC18
F_act_hush	87	F_	0x80CC3C
F_act_nerdia	88	F_	0x80CC60
F_act_koppe	89	F_	0x80CC84
F_act_nikotiti	90	F_	0x80CCA8
F_act_angel	91	F_	0x80CCCC
F_act_ethrk	92	F_	0x80CCF0
F_act_nouhuko	93	F_	0x80CD14
F_act_ett	94	F_	0x80CD38
F_act_romi	95	F_	0x80CD5C
F_act_sinn	96	F_	0x80CD80
F_act_dai	97	F_	0x80CDA4
F_act_nako	98	F_	0x80CDC8
F_act_serohiki	99	F_	0x80CDEC
F_act_mamonoya	100	F_	0x80CE10
F_act_mie	101	F_	0x80CE34
F_act_kei	102	F_	0x80CE58
F_act_kimani	103	F_	0x80CE7C
F_act_kimotouto	104	F_	0x80CEA0
F_act_setumeiin	105	F_	0x80CEC4
F_act_der	106	F_	0x80CEE8
F_act_obasan	107	F_	0x80CF0C
F_act_ozisan	108	F_	0x80CF30
F_act_gigi	109	F_	0x80CF54
F_act_baba	110	F_	0x80CF78
F_act_bet	111	F_	0x80CF9C
F_act_kicca	112	F_	0x80CFC0
F_act_bany	113	F_	0x80CFE4
F_act_hunter1	114	F_	0x80D008
F_act_hunter2	115	F_	0x80D02C
F_act_hunter3	116	F_	0x80D050
F_act_hunter4	117	F_	0x80D074
F_act_hunter5	118	F_	0x80D098
F_act_aniki	119	F_	0x80D0BC
F_act_otouto	120	F_	0x80D0E0
F_act_miru	121	F_	0x80D104
F_act_kiku	122	F_	0x80D128
F_act_narder	123	F_	0x80D14C
F_act_oyaji	124	F_	0x80D170
F_act_kyaku	125	F_	0x80D194
F_act_ran	126	F_	0x80D1B8
F_act_sun	127	F_	0x80D1DC
F_act_min	128	F_	0x80D200
F_act_inu	129	F_	0x80D224
F_act_neko	130	F_	0x80D248
F_act_ayasii	131	F_	0x80D26C
F_act_odori1	132	F_	0x80D290
F_act_odori2	133	F_	0x80D2B4
F_act_odori3	134	F_	0x80D2D8
F_act_odori4	135	F_	0x80D2FC
F_act_obasan2	136	F_	0x80D320
F_act_uma1	137	F_	0x80D344
F_act_uma2	138	F_	0x80D368
F_act_uma3	139	F_	0x80D38C
F_act_uma4	140	F_	0x80D3B0
Fc_koya0	141	Fc_	0x80D3D4
F_koya0	142	F_	0x80D3F8
Fr_koya0_player	143	Fr_	0x80D41C
Ft_koya0_player	144	Ft_	0x80D440
Fr_koya0_scene00	145	Fr_	0x80D464
Ft_koya0_event	146	Ft_	0x80D488
F_sb01s001_niko_wake_up_end	147	F_	0x80D4AC
Fost_sb01s001_event_wake_up_end	148	Fost_	0x80D4D0
Ft_home0_001_event	149	Ft_	0x80D4F4
F_wata_mizu_medaru	150	F_	0x80D518
F_selfy_magic_trg	151	F_	0x80D53C
F_gy_mon_sw	152	F_	0x80D560
F_bookshelf_fall	153	F_	0x80D584
F_viv_engei_ok	154	F_	0x80D5A8
F_sakaba_close	155	F_	0x80D5CC
F_quest_no_virgin	156	F_	0x80D5F0
F_player_mizugi_old	157	F_	0x80D614
F_ie_huusya_no_sasoi_once	158	F_	0x80D638
F_ie_pool_no_sasoi_once	159	F_	0x80D65C
Ft_home01_rees_once	160	Ft_	0x80D680
F_tw_rain_del	161	F_	0x80D6A4
F_end_ending	162	F_	0x80D6C8
F_end_ending_step0	163	F_	0x80D6EC
F_t_attack_enable	164	F_	0x80D710
F_minigame_tyu	165	F_	0x80D734
F_10kinko_talk	166	F_	0x80D758
F_30kinko_talk	167	F_	0x80D77C
F_60kinko_talk	168	F_	0x80D7A0
F_show970906_tmp	169	F_	0x80D7C4
F_show970906_tmp2	170	F_	0x80D7E8
F_guy_sword_pickup	171	F_	0x80D80C
F_okami_talk_00	172	F_	0x80D830
F_ultima_egg_pickup	173	F_	0x80D854
F_ie_otera_no_sasoi_once	174	F_	0x80D878
SHOW970906_VER	0	SHOW970906_	0x80D89C
SB01_INIT_STEP	0	SB01_	0x80D8C0
SB01_OPEN_STEP	1	SB01_	0x80D8E4
SB01_NORM_STEP	2	SB01_	0x80D908
SB01_END_STEP	3	SB01_	0x80D92C
FNO_func_sn_casino	100	FNO_	0x80D950
FNO_start_mogura_func	101	FNO_	0x80D974
FNO_start_tako_func	102	FNO_	0x80D998
FNO_func_koya_tamago_pal_ld	103	FNO_	0x80D9BC
FNO_func_koya_mon_talk_pal_ld	104	FNO_	0x80D9E0
FNO_ext_plsel_hold_item_set	105	FNO_	0x80DA04
FNO_ext_plsel_kaesu_set	106	FNO_	0x80DA28
FNO_koya_mon_status_open	107	FNO_	0x80DA4C
FNO_koya_mon_status_close	108	FNO_	0x80DA70
FNO_koya_mon_namewin_open	109	FNO_	0x80DA94
FNO_koya_mon_namewin_closechk	110	FNO_	0x80DAB8
FNO_file_load_com	111	FNO_	0x80DADC
FNO_mcard_func_set	112	FNO_	0x80DB00
FNO_mcard_end_check	113	FNO_	0x80DB24
FNO_jyotyu_set_reserve_all	114	FNO_	0x80DB48
FNO_jyotyu_set_reserve_papa	115	FNO_	0x80DB6C
FNO_jyotyu_set_reserve_nyul	116	FNO_	0x80DB90
FNO_jyotyu_set_reserve_pool	117	FNO_	0x80DBB4
FNO_jyotyu_set_reserve_dngn	118	FNO_	0x80DBD8
FNO_plt_init_sleep_set	119	FNO_	0x80DBFC
FNO_get_item_chk	120	FNO_	0x80DC20
FNO_mam_bita_give	121	FNO_	0x80DC44
FNO_reserve_twch_load	122	FNO_	0x80DC68
FNO_start_keima_func	123	FNO_	0x80DC8C
FNO_start_keima2_func	124	FNO_	0x80DCB0
FNO_reserve_tw_mon_load	125	FNO_	0x80DCD4
FNO_sn_namewin_open	126	FNO_	0x80DCF8
FNO_sn_namewin_close_check	127	FNO_	0x80DD1C
FNO_change_map_of	128	FNO_	0x80DD40
FNO_func_sn_ball	129	FNO_	0x80DD64
FNO_tcame_chase_set	130	FNO_	0x80DD88
FNO_tcame_chase2_set	131	FNO_	0x80DDAC
FNO_tcame_lock	132	FNO_	0x80DDD0
FNO_tcame_return	133	FNO_	0x80DDF4
FNO_change_map	134	FNO_	0x80DE18
FNO_door_open_demo_set	135	FNO_	0x80DE3C
FNO_set_item_w0	136	FNO_	0x80DE60
FNO_tcame_chase_fix	137	FNO_	0x80DE84
FNO_tcame_chase_fix_reset	138	FNO_	0x80DEA8
FNO_baken_uriba	139	FNO_	0x80DECC
FNO_set_user_name_win	140	FNO_	0x80DEF0
FNO_tw_sd_se_ld_call	141	FNO_	0x80DF14
FNO_tw_sd_sq_ld_call	142	FNO_	0x80DF38
FNO_town_sd_se_callagain	143	FNO_	0x80DF5C
FNO_town_sd_sq_callagain	144	FNO_	0x80DF80
FNO_player_now_ang_get	145	FNO_	0x80DFA4
FNO_player_now_pos_get	146	FNO_	0x80DFC8
FNO_anyone_org_ang_get	147	FNO_	0x80DFEC
FNO_anyone_org_pos_get	148	FNO_	0x80E010
FNO_anyone_now_ang_get	149	FNO_	0x80E034
FNO_anyone_now_pos_get	150	FNO_	0x80E058
FNO_serch_item_kt	151	FNO_	0x80E07C
FNO_del_t_item_w_ptr	152	FNO_	0x80E0A0
FNO_mia_storker_set	153	FNO_	0x80E0C4
FNO_door_atari_on_off	154	FNO_	0x80E0E8
FNO_strcmp	155	FNO_	0x80E10C
FNO_event_tori_in	156	FNO_	0x80E130
FNO_event_pool_clean_in	157	FNO_	0x80E154
FNO_fukidasi_set	158	FNO_	0x80E178
FNO_pool_clut_store	159	FNO_	0x80E19C
FNO_SD_Call	160	FNO_	0x80E1C0
FNO_zukan_func_set	161	FNO_	0x80E1E4
FNO_zukan_end_check	162	FNO_	0x80E208
FNO_p_came_set	163	FNO_	0x80E22C
FNO_p_came_rotset	164	FNO_	0x80E250
FNO_t_soukowin_open	165	FNO_	0x80E274
FNO_t_soukowin_close_check	166	FNO_	0x80E298
FNO_town_movie_exe	167	FNO_	0x80E2BC
FNO_nouse___168	168	FNO_	0x80E2E0
FNO_town_movie3_call	169	FNO_	0x80E304
FNO_nouse___170	170	FNO_	0x80E328
FNO_into_dn_door_jobs	171	FNO_	0x80E34C
FNO_washed_dish_suu_set	172	FNO_	0x80E370
FNO_washed_dish_suu_inc	173	FNO_	0x80E394
FNO_into_dn_door_demo_set	174	FNO_	0x80E3B8
FNO_obj_disp23_cancel_sw_set	175	FNO_	0x80E3DC
FNO_start_gym_func	176	FNO_	0x80E400
FNO_psn_lookable_get	177	FNO_	0x80E424
FNO_func_sn_casino_slot	178	FNO_	0x80E448
FNO_koya_into_exe	179	FNO_	0x80E46C
FNO_town_map_mod_yorozu_item	180	FNO_	0x80E490
FNO_get_player_homerank	181	FNO_	0x80E4B4
FNO_came_bright_set	182	FNO_	0x80E4D8
FNO_chg_map_second_house_sel	183	FNO_	0x80E4FC
FNO_set_item_equip_00	184	FNO_	0x80E520
FNO_moin_zukan_flag_set	185	FNO_	0x80E544
FNO_kewn_namewin_open	186	FNO_	0x80E568
FNO_town_rain_in	187	FNO_	0x80E58C
FNO_town_sdall_reserve	188	FNO_	0x80E5B0
FNO_town_se_reserve	189	FNO_	0x80E5D4
FNO_town_seq_reserve	190	FNO_	0x80E5F8
FNO_get_target_itemp	191	FNO_	0x80E61C
FNO_sarch_koyaw_free	192	FNO_	0x80E640
FNO_trget_psn_ang_set	193	FNO_	0x80E664
FNO_kewn_namewin_close_check	194	FNO_	0x80E688
FNO_town_sd_sq_callagain_sub	195	FNO_	0x80E6AC
FNO_tw_sd_sq_ld_call_sub	196	FNO_	0x80E6D0
FNO_town_map_mod_read_p	197	FNO_	0x80E6F4
FNO_tw_seq_end_chk	198	FNO_	0x80E718
FNO_sb01_over_push	199	FNO_	0x80E73C
FNO_sb01_over_pull	200	FNO_	0x80E760
FNO_ms_mot_accpt_ow	201	FNO_	0x80E784
FNO_all_item_egg_kaeru	202	FNO_	0x80E7A8
FNO_mes_skip_disable_set	203	FNO_	0x80E7CC
FNO_akichi_vivian_chk	204	FNO_	0x80E7F0
FNO_event_fountain_chk	205	FNO_	0x80E814
FNO_to_camera_zero_00	206	FNO_	0x80E838
FNO_present_flower_set	207	FNO_	0x80E85C
FNO_town_sd_se_load_init	208	FNO_	0x80E880
FNO_door_open_demo_set_sub	209	FNO_	0x80E8A4
FNO_tcame_return_plus	210	FNO_	0x80E8C8
FNO_tcame_chase_tgt_reset	211	FNO_	0x80E8EC
FNO_serch_item_plown	212	FNO_	0x80E910
mamonogoya_setfg00	32770	mamonogoya_	0x80E934
mamonogoya_setfg01	32771	mamonogoya_	0x80E958
mamonogoya_setfg02	32772	mamonogoya_	0x80E97C
mamonogoya_setfg03	32773	mamonogoya_	0x80E9A0
mamonogoya_setfg04	32774	mamonogoya_	0x80E9C4
mamonogoya_setfg05	32775	mamonogoya_	0x80E9E8
mamonogoya_setfg06	32776	mamonogoya_	0x80EA0C
mamonogoya_setfg07	32777	mamonogoya_	0x80EA30
mamonogoya_setfg08	32778	mamonogoya_	0x80EA54
mamonogoya_setfg09	32779	mamonogoya_	0x80EA78
mamonogoya_setfg10	32780	mamonogoya_	0x80EA9C
mamonogoya_setfg11	32781	mamonogoya_	0x80EAC0
mamonogoya_setfg12	32782	mamonogoya_	0x80EAE4
mamonogoya_setfg13	32783	mamonogoya_	0x80EB08
mamonogoya_setfg14	32784	mamonogoya_	0x80EB2C
mamonogoya_setfg15	32785	mamonogoya_	0x80EB50
mamonogoya_setfg16	32786	mamonogoya_	0x80EB74
mamonogoya_setfg17	32787	mamonogoya_	0x80EB98
mamonogoya_setfg18	32788	mamonogoya_	0x80EBBC
mamonogoya_setfg19	32789	mamonogoya_	0x80EBE0
mamonogoya_setfg20	32790	mamonogoya_	0x80EC04
mamonogoya_setfg21	32791	mamonogoya_	0x80EC28
mamonogoya_setfg22	32792	mamonogoya_	0x80EC4C
mamonogoya_setfg23	32793	mamonogoya_	0x80EC70
mamonogoya_setfg24	32794	mamonogoya_	0x80EC94
mamonogoya_setfg25	32795	mamonogoya_	0x80ECB8
mamonogoya_setfg26	32796	mamonogoya_	0x80ECDC
mamonogoya_setfg27	32797	mamonogoya_	0x80ED00
mamonogoya_setfg28	32798	mamonogoya_	0x80ED24
mamonogoya_setfg29	32799	mamonogoya_	0x80ED48
mamonogoya_setfg30	32800	mamonogoya_	0x80ED6C
mamonogoya_setfg31	32801	mamonogoya_	0x80ED90
mamonogoya_setfg32	32802	mamonogoya_	0x80EDB4
mamonogoya_setfg33	32803	mamonogoya_	0x80EDD8
mamonogoya_setfg34	32804	mamonogoya_	0x80EDFC
mamonogoya_setfg35	32805	mamonogoya_	0x80EE20
mamonogoya_setfg36	32806	mamonogoya_	0x80EE44
mamonogoya_setfg37	32807	mamonogoya_	0x80EE68
mamonogoya_setfg38	32808	mamonogoya_	0x80EE8C
mamonogoya_setfg39	32809	mamonogoya_	0x80EEB0
mamonogoya_setfg40	32810	mamonogoya_	0x80EED4
mamonogoya_setfg41	32811	mamonogoya_	0x80EEF8
mamonogoya_setfg42	32812	mamonogoya_	0x80EF1C
mamonogoya_setfg43	32813	mamonogoya_	0x80EF40
mamonogoya_setfg44	32814	mamonogoya_	0x80EF64
mamonogoya_setfg45	32815	mamonogoya_	0x80EF88
mamonogoya_setfg46	32816	mamonogoya_	0x80EFAC
mamonogoya_setfg47	32817	mamonogoya_	0x80EFD0
mamonogoya_setfg48	32818	mamonogoya_	0x80EFF4
mamonogoya_setfg49	32819	mamonogoya_	0x80F018
mamonogoya_setfg50	32820	mamonogoya_	0x80F03C
mamonogoya_setfg51	32821	mamonogoya_	0x80F060
mamonogoya_setfg52	32822	mamonogoya_	0x80F084
mamonogoya_setfg53	32823	mamonogoya_	0x80F0A8
mamonogoya_setfg54	32824	mamonogoya_	0x80F0CC
mamonogoya_setfg55	32825	mamonogoya_	0x80F0F0
mamonogoya_setfg56	32826	mamonogoya_	0x80F114
mamonogoya_setfg57	32827	mamonogoya_	0x80F138
mamonogoya_setfg58	32828	mamonogoya_	0x80F15C
mamonogoya_setfg59	32829	mamonogoya_	0x80F180
mamonogoya_setfg60	32830	mamonogoya_	0x80F1A4
mamonogoya_setfg61	32831	mamonogoya_	0x80F1C8
mamonogoya_setfg62	32832	mamonogoya_	0x80F1EC
mamonogoya_setfg63	32833	mamonogoya_	0x80F210
mamonogoya_stat_00	32834	mamonogoya_	0x80F234
mamonogoya_stat_01	32835	mamonogoya_	0x80F258
mamonogoya_stat_02	32836	mamonogoya_	0x80F27C
mamonogoya_stat_03	32837	mamonogoya_	0x80F2A0
mamonogoya_stat_04	32838	mamonogoya_	0x80F2C4
mamonogoya_stat_05	32839	mamonogoya_	0x80F2E8
mamonogoya_stat_06	32840	mamonogoya_	0x80F30C
mamonogoya_stat_07	32841	mamonogoya_	0x80F330
mamonogoya_stat_08	32842	mamonogoya_	0x80F354
mamonogoya_stat_09	32843	mamonogoya_	0x80F378
mamonogoya_stat_10	32844	mamonogoya_	0x80F39C
mamonogoya_stat_11	32845	mamonogoya_	0x80F3C0
mamonogoya_stat_12	32846	mamonogoya_	0x80F3E4
mamonogoya_stat_13	32847	mamonogoya_	0x80F408
mamonogoya_stat_14	32848	mamonogoya_	0x80F42C
mamonogoya_stat_15	32849	mamonogoya_	0x80F450
mamonogoya_stat_16	32850	mamonogoya_	0x80F474
mamonogoya_stat_17	32851	mamonogoya_	0x80F498
mamonogoya_stat_18	32852	mamonogoya_	0x80F4BC
mamonogoya_stat_19	32853	mamonogoya_	0x80F4E0
mamonogoya_stat_20	32854	mamonogoya_	0x80F504
mamonogoya_stat_21	32855	mamonogoya_	0x80F528
mamonogoya_stat_22	32856	mamonogoya_	0x80F54C
mamonogoya_stat_23	32857	mamonogoya_	0x80F570
mamonogoya_stat_24	32858	mamonogoya_	0x80F594
mamonogoya_stat_25	32859	mamonogoya_	0x80F5B8
mamonogoya_stat_26	32860	mamonogoya_	0x80F5DC
mamonogoya_stat_27	32861	mamonogoya_	0x80F600
mamonogoya_stat_28	32862	mamonogoya_	0x80F624
mamonogoya_stat_29	32863	mamonogoya_	0x80F648
mamonogoya_stat_30	32864	mamonogoya_	0x80F66C
mamonogoya_stat_31	32865	mamonogoya_	0x80F690
mamonogoya_stat_32	32866	mamonogoya_	0x80F6B4
mamonogoya_stat_33	32867	mamonogoya_	0x80F6D8
mamonogoya_stat_34	32868	mamonogoya_	0x80F6FC
mamonogoya_stat_35	32869	mamonogoya_	0x80F720
mamonogoya_stat_36	32870	mamonogoya_	0x80F744
mamonogoya_stat_37	32871	mamonogoya_	0x80F768
mamonogoya_stat_38	32872	mamonogoya_	0x80F78C
mamonogoya_stat_39	32873	mamonogoya_	0x80F7B0
mamonogoya_stat_40	32874	mamonogoya_	0x80F7D4
mamonogoya_stat_41	32875	mamonogoya_	0x80F7F8
mamonogoya_stat_42	32876	mamonogoya_	0x80F81C
mamonogoya_stat_43	32877	mamonogoya_	0x80F840
mamonogoya_stat_44	32878	mamonogoya_	0x80F864
mamonogoya_stat_45	32879	mamonogoya_	0x80F888
mamonogoya_stat_46	32880	mamonogoya_	0x80F8AC
mamonogoya_stat_47	32881	mamonogoya_	0x80F8D0
mamonogoya_stat_48	32882	mamonogoya_	0x80F8F4
mamonogoya_stat_49	32883	mamonogoya_	0x80F918
mamonogoya_stat_50	32884	mamonogoya_	0x80F93C
mamonogoya_stat_51	32885	mamonogoya_	0x80F960
mamonogoya_stat_52	32886	mamonogoya_	0x80F984
mamonogoya_stat_53	32887	mamonogoya_	0x80F9A8
mamonogoya_stat_54	32888	mamonogoya_	0x80F9CC
mamonogoya_stat_55	32889	mamonogoya_	0x80F9F0
mamonogoya_stat_56	32890	mamonogoya_	0x80FA14
mamonogoya_stat_57	32891	mamonogoya_	0x80FA38
mamonogoya_stat_58	32892	mamonogoya_	0x80FA5C
mamonogoya_stat_59	32893	mamonogoya_	0x80FA80
mamonogoya_stat_60	32894	mamonogoya_	0x80FAA4
mamonogoya_stat_61	32895	mamonogoya_	0x80FAC8
mamonogoya_stat_62	32896	mamonogoya_	0x80FAEC
mamonogoya_stat_63	32897	mamonogoya_	0x80FB10
ANM_PSN_DM_KANASIBA	1	ANM_	0x80FB34
ANM_PSN_DM_HOMEPOS	2	ANM_	0x80FB58
ANM_PSN_DM_TALK	3	ANM_	0x80FB7C
ANM_PSN_DM_TALK2	4	ANM_	0x80FBA0
ANM_PSN_DM_WAY	5	ANM_	0x80FBC4
ANM_PSN_DM_WK	6	ANM_	0x80FBE8
ANM_PSN_DM_JMP	7	ANM_	0x80FC0C
ANM_PSN_DM_JMPCNT	8	ANM_	0x80FC30
ANM_PSN_DM_TGTPOS	9	ANM_	0x80FC54
PSN_DM_KANASIBA	1	PSN_	0x80FC78
PSN_DM_HOMEPOS	2	PSN_	0x80FC9C
PSN_DM_TALK	3	PSN_	0x80FCC0
PSN_DM_TALK2	4	PSN_	0x80FCE4
PSN_DM_NORTHWAY	5	PSN_	0x80FD08
PSN_DM_SOUTHWAY	6	PSN_	0x80FD2C
PSN_DM_WESTWAY	7	PSN_	0x80FD50
PSN_DM_EASTWAY	8	PSN_	0x80FD74
PSN_DM_NORTHWK	9	PSN_	0x80FD98
PSN_DM_SOUTHWK	10	PSN_	0x80FDBC
PSN_DM_WESTWK	11	PSN_	0x80FDE0
PSN_DM_EASTWK	12	PSN_	0x80FE04
PSN_DM_JMP	13	PSN_	0x80FE28
PSN_DM_GOTGT	14	PSN_	0x80FE4C
PSN_DM_PLWAY	15	PSN_	0x80FE70
PSN_DM_TGTWAY	16	PSN_	0x80FE94
PSN_DM_DISP_OFF	17	PSN_	0x80FEB8
PSN_DM_DISP_ON	18	PSN_	0x80FEDC
PSN_DM_DEL	19	PSN_	0x80FF00
PSN_DM_ANG_ORG	20	PSN_	0x80FF24
PSN_DM_POS_ORG	21	PSN_	0x80FF48
DFLT_END_PSN_DM	22	DFLT_	0x80FF6C
SSTP_ANGEL_APPEAR	22	SSTP_	0x80FF90
SSTP_ANGEL_LIE	23	SSTP_	0x80FFB4
SSTP_ANGEL_WAKE	24	SSTP_	0x80FFD8
SSTP_ANGEL_BYE	25	SSTP_	0x80FFFC
SSTP_GY_SOUTHANEASTWAY	22	SSTP_	0x810020
SSTP_GY_SYAGAMU_INIT	23	SSTP_	0x810044
SSTP_GY_STDUP_INIT	24	SSTP_	0x810068
SSTP_BABYPL_CRY	22	SSTP_	0x81008C
SSTP_TIBIPL_GOTO_GY	22	SSTP_	0x8100B0
SSTP_TIBIPL_HOYO_INIT	23	SSTP_	0x8100D4
SSTP_TIBIPL_OBJW_OWN	24	SSTP_	0x8100F8
SSTP_TIBINIKO_GOTO_GY	22	SSTP_	0x81011C
SSTP_TIBINIKO_IZIMERU_INIT	23	SSTP_	0x810140
SSTP_TIBINIKO_C_TO_B_INIT	24	SSTP_	0x810164
SSTP_TIBINIKO_CRY_INIT	25	SSTP_	0x810188
SSTP_PLT_DM_SLEEP	22	SSTP_	0x8101AC
SSTP_PLT_DM_KICKED_BFR	23	SSTP_	0x8101D0
SSTP_PLT_DM_STANDUP	24	SSTP_	0x8101F4
SSTP_PLT_DM_BIKU_BFR	25	SSTP_	0x810218
SSTP_PLT_DM_MAMTALK	26	SSTP_	0x81023C
SSTP_PLT_DM_MAMTALKEND	27	SSTP_	0x810260
SSTP_PLT_DM_YODA_MV	28	SSTP_	0x810284
SSTP_PLT_DM_YODA_STDWN	29	SSTP_	0x8102A8
SSTP_PLT_DM_YODA_POKA	30	SSTP_	0x8102CC
SSTP_PLT_DM_YODA_STDUP	31	SSTP_	0x8102F0
SSTP_PLT_DM_YUKA_HOSEI	32	SSTP_	0x810314
SSTP_PLT_DM_MOGURA_POS_SET	33	SSTP_	0x810338
SSTP_PLT_DM_EAT	34	SSTP_	0x81035C
SSTP_PLT_DM_DEAD	35	SSTP_	0x810380
SSTP_PLT_DM_CARRYUP	36	SSTP_	0x8103A4
SSTP_PLT_DM_CARRYWAYTGT	37	SSTP_	0x8103C8
SSTP_PLT_DM_CARRYWALKTGT	38	SSTP_	0x8103EC
SSTP_PLT_DM_KICKED	39	SSTP_	0x810410
SSTP_PLT_DM_SWIM_BFR	40	SSTP_	0x810434
SSTP_PLT_DM_SWIM	41	SSTP_	0x810458
SSTP_PLT_DM_SWIM_AFTR	42	SSTP_	0x81047C
SSTP_PLT_DM_JMPUP_POS_SET	43	SSTP_	0x8104A0
SSTP_PLT_DM_BIKU	44	SSTP_	0x8104C4
SSTP_PLT_DM_NICPAN	45	SSTP_	0x8104E8
SSTP_PLT_DM_NOW_GETITEM	46	SSTP_	0x81050C
SSTP_PLT_DM_KAO_UP	47	SSTP_	0x810530
SSTP_PLT_DM_KAO_DOWN	48	SSTP_	0x810554
SSTP_PLT_DM_UDAUDA	49	SSTP_	0x810578
SSTP_PLT_DM_BATH	50	SSTP_	0x81059C
SSTP_PLT_DM_BATH_TURN	51	SSTP_	0x8105C0
SSTP_PLT_DM_DAMAGE0	52	SSTP_	0x8105E4
SSTP_PLT_DM_DAMAGE1	53	SSTP_	0x810608
SSTP_NIKO_DM_TALK	22	SSTP_	0x81062C
SSTP_NIKO_DM_BURI	23	SSTP_	0x810650
SSTP_NIKO_DM_DOTUKI	24	SSTP_	0x810674
SSTP_NIKO_DM_GOAWAY	25	SSTP_	0x810698
SSTP_NIKO_DM_GOAWAYOUT	26	SSTP_	0x8106BC
SSTP_NIKO_DM_TALK_LEFT	27	SSTP_	0x8106E0
SSTP_NIKO_DM_TALK_RIGHT	28	SSTP_	0x810704
SSTP_NIKO_DM_ATTACK_BFR	29	SSTP_	0x810728
SSTP_NIKO_DM_DOWNWAY	30	SSTP_	0x81074C
SSTP_NIKO_DM_ANG_ORG_LEFT	31	SSTP_	0x810770
SSTP_NIKO_DM_GOAWAY2	32	SSTP_	0x810794
SSTP_NIKO_DM_L_BURI	33	SSTP_	0x8107B8
SSTP_NIKO_TYU	34	SSTP_	0x8107DC
SSTP_MAM_DM_TALK	22	SSTP_	0x810800
SSTP_MAM_DM_ITEMSEND1PPO	23	SSTP_	0x810824
SSTP_MAM_DM_1PPOBACK	24	SSTP_	0x810848
SSTP_MAM_DM_TALK_LEFT	25	SSTP_	0x81086C
SSTP_MAM_DM_TALK_RIGHT	26	SSTP_	0x810890
SSTP_MAM_DM_DOWNWAY	27	SSTP_	0x8108B4
SSTP_MAM_DM_ORG_SET_TO_KTN	28	SSTP_	0x8108D8
SSTP_WEDY_DM_TALK	22	SSTP_	0x8108FC
SSTP_WEDY_DM_RIDE_PL	23	SSTP_	0x810920
SSTP_WEDY_DM_GOAWAY_JU	24	SSTP_	0x810944
SSTP_WEDY_DM_DOWNWAY	25	SSTP_	0x810968
SSTP_WEDY_DM_ANG_ORG_RIGHT	26	SSTP_	0x81098C
SSTP_WEDY_DM_RIDE_PL_SET	27	SSTP_	0x8109B0
SSTP_WEDY_DM_OUT_PL_END	28	SSTP_	0x8109D4
SSTP_WEDY_DM_JMPUP_ONE	29	SSTP_	0x8109F8
SSTP_WEDY_DM_JMPUP_COUNT	30	SSTP_	0x810A1C
SSTP_YODA_DM_TALK	22	SSTP_	0x810A40
SSTP_YODA_DM_POKA	23	SSTP_	0x810A64
SSTP_YODA_DM_BIKKURI	24	SSTP_	0x810A88
SSTP_YODA_DM_GOAWAY	25	SSTP_	0x810AAC
SSTP_FAR_BURI_INIT	22	SSTP_	0x810AD0
SSTP_FAR_EATIN_INIT	23	SSTP_	0x810AF4
SSTP_FAR_EATOUT_INIT	24	SSTP_	0x810B18
SSTP_FAR_HAKIIN_INIT	25	SSTP_	0x810B3C
SSTP_FAR_HAKIOUT_INIT	26	SSTP_	0x810B60
SSTP_FAR_BURIIN_INIT	27	SSTP_	0x810B84
SSTP_FAR_BURIOUT_INIT	28	SSTP_	0x810BA8
SSTP_FAR_TYU	29	SSTP_	0x810BCC
SSTP_MIA_TO_BATA_INIT	22	SSTP_	0x810BF0
SSTP_MIA_KIRAIN_INIT	23	SSTP_	0x810C14
SSTP_MIA_KIRAOUT_INIT	24	SSTP_	0x810C38
SSTP_MIA_NMEGANE_INIT	25	SSTP_	0x810C5C
SSTP_MIA_NMEGANEOUT_INIT	26	SSTP_	0x810C80
SSTP_MIA_JMPUP_INIT	27	SSTP_	0x810CA4
SSTP_MIA_TYU	28	SSTP_	0x810CC8
SSTP_MIA_DM_TGTPOS	29	SSTP_	0x810CEC
SSTP_MIA_BATA_UP_INIT	22	SSTP_	0x810D10
SSTP_SELFY_CHARGE_START	22	SSTP_	0x810D34
SSTP_SELFY_CHARGE	23	SSTP_	0x810D58
SSTP_SELFY_FIRE_INIT	24	SSTP_	0x810D7C
SSTP_SELFY_TYU	25	SSTP_	0x810DA0
SSTP_PATY_SARAIN_INIT	22	SSTP_	0x810DC4
SSTP_PATY_BURI_INIT	23	SSTP_	0x810DE8
SSTP_PATY_BURIIN_INIT	24	SSTP_	0x810E0C
SSTP_PATY_BURIOUT_INIT	25	SSTP_	0x810E30
SSTP_PATY_ANGRY_INIT	26	SSTP_	0x810E54
SSTP_PATY_ANGRYIN_INIT	27	SSTP_	0x810E78
SSTP_PATY_ANGRYOUT_INIT	28	SSTP_	0x810E9C
SSTP_PATY_SARAOUT_INIT	22	SSTP_	0x810EC0
SSTP_VIVIAN_TURN_R_INIT	22	SSTP_	0x810EE4
SSTP_VIVIAN_TURN_L_INIT	23	SSTP_	0x810F08
SSTP_VIVIAN_DANCE_A_INIT	24	SSTP_	0x810F2C
SSTP_VIVIAN_DANCE_B_INIT	25	SSTP_	0x810F50
SSTP_PIN_TURN_R_INIT	22	SSTP_	0x810F74
SSTP_PIN_TURN_L_INIT	23	SSTP_	0x810F98
SSTP_PIN_DANCE_INIT	24	SSTP_	0x810FBC
SSTP_FON_TUKKOMI_INIT	22	SSTP_	0x810FE0
SSTP_CHERIL_DOWN_INIT	22	SSTP_	0x811004
SSTP_CHERIL_DT_INIT	23	SSTP_	0x811028
SSTP_CHERIL_SD_INIT	24	SSTP_	0x81104C
SSTP_CHERIL_GET_CHAPY_INIT	25	SSTP_	0x811070
SSTP_CCHERIL_ATK_INIT	22	SSTP_	0x811094
SSTP_BCHERIL_Q_INIT	22	SSTP_	0x8110B8
SSTP_BCHERIL_P_INIT	23	SSTP_	0x8110DC
SSTP_BCHERIL_YES_INIT	24	SSTP_	0x811100
SSTP_BCHERIL_NO_INIT	25	SSTP_	0x811124
SSTP_BCHERIL_SU_INIT	26	SSTP_	0x811148
SSTP_NURS_TURN_INIT	22	SSTP_	0x81116C
SSTP_SBARY_MUKIIN_INIT	22	SSTP_	0x811190
SSTP_SBARY_MUKIOUT_INIT	23	SSTP_	0x8111B4
SSTP_SKIM_MUKIIN_INIT	22	SSTP_	0x8111D8
SSTP_SKIM_MUKIOUT_INIT	23	SSTP_	0x8111FC
SSTP_RIV_KENKA_IN	22	SSTP_	0x811220
SSTP_RIV_KENKA_OUT	23	SSTP_	0x811244
SSTP_RIV_KENKA_SET	24	SSTP_	0x811268
SSTP_OKAMI_SLEEP_SET	22	SSTP_	0x81128C
SSTP_OKAMI_NORMAL_SET	22	SSTP_	0x8112B0
SSTP_SEROHIKI_PLAY	22	SSTP_	0x8112D4
ANMWAY_RIGHT	0	ANMWAY_	0x8112F8
ANMWAY_DOWN	1	ANMWAY_	0x81131C
ANMWAY_LEFT	2	ANMWAY_	0x811340
ANMWAY_UP	3	ANMWAY_	0x811364
func_town_map_set	0	func_	0x811388
func_town_map_reset	1	func_	0x8113AC
func_town_map_del	2	func_	0x8113D0
IMG_BBOSS_N	0	IMG_	0x8113F4
IMG_BBOSS_B	1	IMG_	0x811418
IMG_BBOSS_H	2	IMG_	0x81143C
IMG_BCHEL_N	0	IMG_	0x811460
IMG_BCHEL_D	1	IMG_	0x811484
IMG_BCHEL_B	2	IMG_	0x8114A8
IMG_BCHEL_G00	3	IMG_	0x8114CC
IMG_BCHEL_G01	4	IMG_	0x8114F0
IMG_BCHEL_G02	5	IMG_	0x811514
IMG_BCHEL_P	6	IMG_	0x811538
IMG_BNURSE_N	7	IMG_	0x81155C
IMG_BNURSE_L	8	IMG_	0x811580
IMG_BFAR_N	0	IMG_	0x8115A4
IMG_BFAR_T	1	IMG_	0x8115C8
IMG_BFAR_S	2	IMG_	0x8115EC
IMG_BFAR_M	3	IMG_	0x811610
IMG_BFAR_L	4	IMG_	0x811634
IMG_BFAR_P	5	IMG_	0x811658
IMG_BKEW_N	0	IMG_	0x81167C
IMG_BKEW_F0	1	IMG_	0x8116A0
IMG_BKEW_F1	2	IMG_	0x8116C4
IMG_BKEW_F2	3	IMG_	0x8116E8
IMG_BKEW_F3	4	IMG_	0x81170C
IMG_BKEW_F4	5	IMG_	0x811730
IMG_BKEW_F5	6	IMG_	0x811754
IMG_BKEW_F6	7	IMG_	0x811778
IMG_BKEW_F7	8	IMG_	0x81179C
IMG_BKEW_F8	9	IMG_	0x8117C0
IMG_BKEW_F9	10	IMG_	0x8117E4
IMG_BKEW_FA	11	IMG_	0x811808
IMG_BKEW_FB	12	IMG_	0x81182C
IMG_BMAMA_N	0	IMG_	0x811850
IMG_BMAMA_OP00	1	IMG_	0x811874
IMG_BMAMA_OP01	2	IMG_	0x811898
IMG_BMAMA_OP02	3	IMG_	0x8118BC
IMG_BMIA_N	0	IMG_	0x8118E0
IMG_BMIA_B	1	IMG_	0x811904
IMG_BMIA_L00	2	IMG_	0x811928
IMG_BMIA_L01	3	IMG_	0x81194C
IMG_BMIA_A00	4	IMG_	0x811970
IMG_BMIA_A01	5	IMG_	0x811994
IMG_BMIA_P	6	IMG_	0x8119B8
IMG_BNICO_N	0	IMG_	0x8119DC
IMG_BNICO_A	1	IMG_	0x811A00
IMG_BNICO_B	2	IMG_	0x811A24
IMG_BNICO_U	3	IMG_	0x811A48
IMG_BNICO_O	4	IMG_	0x811A6C
IMG_BNICO_L	5	IMG_	0x811A90
IMG_BNICO_P	6	IMG_	0x811AB4
IMG_BSDNICO_N	7	IMG_	0x811AD8
IMG_OBSAN_N	0	IMG_	0x811AFC
IMG_OBSAN_S	1	IMG_	0x811B20
IMG_OZSAN_N	0	IMG_	0x811B44
IMG_BPAPA_N	0	IMG_	0x811B68
IMG_BPAPA_D	1	IMG_	0x811B8C
IMG_BPAPA_O	2	IMG_	0x811BB0
IMG_BPATY_N	0	IMG_	0x811BD4
IMG_BPATY_A	1	IMG_	0x811BF8
IMG_BPATY_K	2	IMG_	0x811C1C
IMG_BPATY_L	3	IMG_	0x811C40
IMG_BPATY_P	4	IMG_	0x811C64
IMG_BRIVAL_N	0	IMG_	0x811C88
IMG_BRIVAL_A	1	IMG_	0x811CAC
IMG_BRIVAL_P	2	IMG_	0x811CD0
IMG_BSELFY_N	0	IMG_	0x811CF4
IMG_BSELFY_D	1	IMG_	0x811D18
IMG_BSELFY_F	2	IMG_	0x811D3C
IMG_BSELFY_FH	3	IMG_	0x811D60
IMG_BSELFY_L	4	IMG_	0x811D84
IMG_BSELFY_P	5	IMG_	0x811DA8
IMG_BVIVAN_N	0	IMG_	0x811DCC
IMG_BVIVAN_L	1	IMG_	0x811DF0
IMG_BVIVAN_M	2	IMG_	0x811E14
IMG_BVIVAN_S	3	IMG_	0x811E38
IMG_BVIVAN_D	4	IMG_	0x811E5C
IMG_BVIVAN_P	5	IMG_	0x811E80
IMG_BWEDY_N	0	IMG_	0x811EA4
IMG_BWEDY_M	1	IMG_	0x811EC8
IMG_BYODA_N	0	IMG_	0x811EEC
TB_CRR	0	TB_	0x811F10
TB_SIT	4294967295	TB_	0x811F34
sn_return_successful	1000	sn_	0x812000
Fr_ret_first	1001	Fr_	0x812024
F_zero	1002	F_	0x812048
F_paty_kuinige	1003	F_	0x81206C
Ft_game_clr	1004	Ft_	0x812090
_F_pad03	1005	F_	0x8120B4
_F_pad04	1006	F_	0x8120D8
_F_pad05	1007	F_	0x8120FC
_F_pad06	1008	F_	0x812120
_F_pad07	1009	F_	0x812144
_F_pad08	1010	F_	0x812168
_F_pad09	1011	F_	0x81218C
F_sbs01_top	1012	F_	0x8121B0
F_sbs01_pad00	1013	F_	0x8121D4
F_sbs01_pad01	1014	F_	0x8121F8
F_sbs01_pad02	1015	F_	0x81221C
F_sbs01_pad03	1016	F_	0x812240
F_sbs01_pad04	1017	F_	0x812264
F_sbs01_pad05	1018	F_	0x812288
F_sbs01_pad06	1019	F_	0x8122AC
F_sbs01_pad07	1020	F_	0x8122D0
F_sbs01_pad08	1021	F_	0x8122F4
F_sbs01_pad09	1022	F_	0x812318
F_sbs01_pad10	1023	F_	0x81233C
F_sbs01_pad11	1024	F_	0x812360
F_sbs01_pad12	1025	F_	0x812384
F_sbs01_pad13	1026	F_	0x8123A8
F_sbs01_pad14	1027	F_	0x8123CC
F_sbs01_pad15	1028	F_	0x8123F0
F_sbs01_pad16	1029	F_	0x812414
F_sbs01_pad17	1030	F_	0x812438
F_sbs01_pad18	1031	F_	0x81245C
F_sbs01_pad19	1032	F_	0x812480
F_sbs01_pad20	1033	F_	0x8124A4
F_sbs01_pad21	1034	F_	0x8124C8
F_sbs01_pad22	1035	F_	0x8124EC
F_sbs01_pad23	1036	F_	0x812510
F_sbs01_pad24	1037	F_	0x812534
F_sbs01_pad25	1038	F_	0x812558
F_sbs01_pad26	1039	F_	0x81257C
F_sbs01_pad27	1040	F_	0x8125A0
F_sbs01_pad28	1041	F_	0x8125C4
F_sbs01_pad29	1042	F_	0x8125E8
F_sbs01_pad30	1043	F_	0x81260C
F_sbs01_pad31	1044	F_	0x812630
F_sbs01_pad32	1045	F_	0x812654
F_sbs01_pad33	1046	F_	0x812678
F_sbs01_pad34	1047	F_	0x81269C
F_sbs01_pad35	1048	F_	0x8126C0
F_sbs01_pad36	1049	F_	0x8126E4
F_sbs01_pad37	1050	F_	0x812708
F_sbs01_pad38	1051	F_	0x81272C
F_sbs01_pad39	1052	F_	0x812750
F_sbs01_pad40	1053	F_	0x812774
F_sbs01_pad41	1054	F_	0x812798
F_sbs02_top	1055	F_	0x8127BC
F_sbs02_pad00	1056	F_	0x8127E0
F_sbs02_pad01	1057	F_	0x812804
F_sbs02_pad02	1058	F_	0x812828
F_sbs02_pad03	1059	F_	0x81284C
F_sbs02_pad04	1060	F_	0x812870
F_sbs02_pad05	1061	F_	0x812894
F_sbs02_pad06	1062	F_	0x8128B8
F_sbs02_pad07	1063	F_	0x8128DC
F_sbs02_pad08	1064	F_	0x812900
F_sbs02_pad09	1065	F_	0x812924
F_sbs02_pad10	1066	F_	0x812948
F_sbs02_pad11	1067	F_	0x81296C
F_sbs02_pad12	1068	F_	0x812990
F_sbs02_pad13	1069	F_	0x8129B4
F_sbs02_pad14	1070	F_	0x8129D8
F_sbs02_pad15	1071	F_	0x8129FC
F_sbs02_pad16	1072	F_	0x812A20
F_sbs02_pad17	1073	F_	0x812A44
F_sbs02_pad18	1074	F_	0x812A68
F_sbs02_pad19	1075	F_	0x812A8C
F_sbs02_pad20	1076	F_	0x812AB0
F_sbs02_pad21	1077	F_	0x812AD4
F_sbs02_pad22	1078	F_	0x812AF8
F_sbs02_pad23	1079	F_	0x812B1C
F_sbs02_pad24	1080	F_	0x812B40
F_sbs02_pad25	1081	F_	0x812B64
F_sbs02_pad26	1082	F_	0x812B88
F_sbs02_pad27	1083	F_	0x812BAC
F_sbs02_pad28	1084	F_	0x812BD0
F_sbs02_pad29	1085	F_	0x812BF4
F_sbs02_pad30	1086	F_	0x812C18
F_sbs02_pad31	1087	F_	0x812C3C
F_sbs02_pad32	1088	F_	0x812C60
F_sbs02_pad33	1089	F_	0x812C84
F_sbs02_pad34	1090	F_	0x812CA8
F_sbs02_pad35	1091	F_	0x812CCC
F_sbs02_pad36	1092	F_	0x812CF0
F_sbs02_pad37	1093	F_	0x812D14
F_sbs02_pad38	1094	F_	0x812D38
F_sbs02_pad39	1095	F_	0x812D5C
F_sbs02_pad40	1096	F_	0x812D80
F_sbs02_pad41	1097	F_	0x812DA4
F_sbs03_top	1098	F_	0x812DC8
F_sbs03_pad00	1099	F_	0x812DEC
F_sbs03_pad01	1100	F_	0x812E10
F_sbs03_pad02	1101	F_	0x812E34
F_sbs03_pad03	1102	F_	0x812E58
F_sbs03_pad04	1103	F_	0x812E7C
F_sbs03_pad05	1104	F_	0x812EA0
F_sbs03_pad06	1105	F_	0x812EC4
F_sbs03_pad07	1106	F_	0x812EE8
F_sbs03_pad08	1107	F_	0x812F0C
F_sbs03_pad09	1108	F_	0x812F30
F_sbs03_pad10	1109	F_	0x812F54
F_sbs03_pad11	1110	F_	0x812F78
F_sbs03_pad12	1111	F_	0x812F9C
F_sbs03_pad13	1112	F_	0x812FC0
F_sbs03_pad14	1113	F_	0x812FE4
F_sbs03_pad15	1114	F_	0x813008
F_sbs03_pad16	1115	F_	0x81302C
F_sbs03_pad17	1116	F_	0x813050
F_sbs03_pad18	1117	F_	0x813074
F_sbs03_pad19	1118	F_	0x813098
F_sbs03_pad20	1119	F_	0x8130BC
F_sbs03_pad21	1120	F_	0x8130E0
F_sbs03_pad22	1121	F_	0x813104
F_sbs03_pad23	1122	F_	0x813128
F_sbs03_pad24	1123	F_	0x81314C
F_sbs03_pad25	1124	F_	0x813170
F_sbs03_pad26	1125	F_	0x813194
F_sbs03_pad27	1126	F_	0x8131B8
F_sbs03_pad28	1127	F_	0x8131DC
F_sbs03_pad29	1128	F_	0x813200
F_sbs03_pad30	1129	F_	0x813224
F_sbs03_pad31	1130	F_	0x813248
F_sbs03_pad32	1131	F_	0x81326C
F_sbs03_pad33	1132	F_	0x813290
F_sbs03_pad34	1133	F_	0x8132B4
F_sbs03_pad35	1134	F_	0x8132D8
F_sbs03_pad36	1135	F_	0x8132FC
F_sbs03_pad37	1136	F_	0x813320
F_sbs03_pad38	1137	F_	0x813344
F_sbs03_pad39	1138	F_	0x813368
F_sbs03_pad40	1139	F_	0x81338C
F_sbs03_pad41	1140	F_	0x8133B0
F_sbs04_top	1141	F_	0x8133D4
F_sbs04_pad00	1142	F_	0x8133F8
F_sbs04_pad01	1143	F_	0x81341C
F_sbs04_pad02	1144	F_	0x813440
F_sbs04_pad03	1145	F_	0x813464
F_sbs04_pad04	1146	F_	0x813488
F_sbs04_pad05	1147	F_	0x8134AC
F_sbs04_pad06	1148	F_	0x8134D0
F_sbs04_pad07	1149	F_	0x8134F4
F_sbs04_pad08	1150	F_	0x813518
F_sbs04_pad09	1151	F_	0x81353C
F_sbs04_pad10	1152	F_	0x813560
F_sbs04_pad11	1153	F_	0x813584
F_sbs04_pad12	1154	F_	0x8135A8
F_sbs04_pad13	1155	F_	0x8135CC
F_sbs04_pad14	1156	F_	0x8135F0
F_sbs04_pad15	1157	F_	0x813614
F_sbs04_pad16	1158	F_	0x813638
F_sbs04_pad17	1159	F_	0x81365C
F_sbs04_pad18	1160	F_	0x813680
F_sbs04_pad19	1161	F_	0x8136A4
F_sbs04_pad20	1162	F_	0x8136C8
F_sbs04_pad21	1163	F_	0x8136EC
F_sbs04_pad22	1164	F_	0x813710
F_sbs04_pad23	1165	F_	0x813734
F_sbs04_pad24	1166	F_	0x813758
F_sbs04_pad25	1167	F_	0x81377C
F_sbs04_pad26	1168	F_	0x8137A0
F_sbs04_pad27	1169	F_	0x8137C4
F_sbs04_pad28	1170	F_	0x8137E8
F_sbs04_pad29	1171	F_	0x81380C
F_sbs04_pad30	1172	F_	0x813830
F_sbs04_pad31	1173	F_	0x813854
F_sbs04_pad32	1174	F_	0x813878
F_sbs04_pad33	1175	F_	0x81389C
F_sbs04_pad34	1176	F_	0x8138C0
F_sbs04_pad35	1177	F_	0x8138E4
F_sbs04_pad36	1178	F_	0x813908
F_sbs04_pad37	1179	F_	0x81392C
F_sbs04_pad38	1180	F_	0x813950
F_sbs04_pad39	1181	F_	0x813974
F_sbs04_pad40	1182	F_	0x813998
F_sbs04_pad41	1183	F_	0x8139BC
F_sbs05_top	1184	F_	0x8139E0
F_sbs05_pad00	1185	F_	0x813A04
F_sbs05_pad01	1186	F_	0x813A28
F_sbs05_pad02	1187	F_	0x813A4C
F_sbs05_pad03	1188	F_	0x813A70
F_sbs05_pad04	1189	F_	0x813A94
F_sbs05_pad05	1190	F_	0x813AB8
F_sbs05_pad06	1191	F_	0x813ADC
F_sbs05_pad07	1192	F_	0x813B00
F_sbs05_pad08	1193	F_	0x813B24
F_sbs05_pad09	1194	F_	0x813B48
F_sbs05_pad10	1195	F_	0x813B6C
F_sbs05_pad11	1196	F_	0x813B90
F_sbs05_pad12	1197	F_	0x813BB4
F_sbs05_pad13	1198	F_	0x813BD8
F_sbs05_pad14	1199	F_	0x813BFC
F_sbs05_pad15	1200	F_	0x813C20
F_sbs05_pad16	1201	F_	0x813C44
F_sbs05_pad17	1202	F_	0x813C68
F_sbs05_pad18	1203	F_	0x813C8C
F_sbs05_pad19	1204	F_	0x813CB0
F_sbs05_pad20	1205	F_	0x813CD4
F_sbs05_pad21	1206	F_	0x813CF8
F_sbs05_pad22	1207	F_	0x813D1C
F_sbs05_pad23	1208	F_	0x813D40
F_sbs05_pad24	1209	F_	0x813D64
F_sbs05_pad25	1210	F_	0x813D88
F_sbs05_pad26	1211	F_	0x813DAC
F_sbs05_pad27	1212	F_	0x813DD0
F_sbs05_pad28	1213	F_	0x813DF4
F_sbs05_pad29	1214	F_	0x813E18
F_sbs05_pad30	1215	F_	0x813E3C
F_sbs05_pad31	1216	F_	0x813E60
F_sbs05_pad32	1217	F_	0x813E84
F_sbs05_pad33	1218	F_	0x813EA8
F_sbs05_pad34	1219	F_	0x813ECC
F_sbs05_pad35	1220	F_	0x813EF0
F_sbs05_pad36	1221	F_	0x813F14
F_sbs05_pad37	1222	F_	0x813F38
F_sbs05_pad38	1223	F_	0x813F5C
F_sbs05_pad39	1224	F_	0x813F80
F_sbs05_pad40	1225	F_	0x813FA4
F_sbs05_pad41	1226	F_	0x813FC8
F_sbs06_top	1227	F_	0x813FEC
F_sbs06_pad00	1228	F_	0x814010
F_sbs06_pad01	1229	F_	0x814034
F_sbs06_pad02	1230	F_	0x814058
F_sbs06_pad03	1231	F_	0x81407C
F_sbs06_pad04	1232	F_	0x8140A0
F_sbs06_pad05	1233	F_	0x8140C4
F_sbs06_pad06	1234	F_	0x8140E8
F_sbs06_pad07	1235	F_	0x81410C
F_sbs06_pad08	1236	F_	0x814130
F_sbs06_pad09	1237	F_	0x814154
F_sbs06_pad10	1238	F_	0x814178
F_sbs06_pad11	1239	F_	0x81419C
F_sbs06_pad12	1240	F_	0x8141C0
F_sbs06_pad13	1241	F_	0x8141E4
F_sbs06_pad14	1242	F_	0x814208
F_sbs06_pad15	1243	F_	0x81422C
F_sbs06_pad16	1244	F_	0x814250
F_sbs06_pad17	1245	F_	0x814274
F_sbs06_pad18	1246	F_	0x814298
F_sbs06_pad19	1247	F_	0x8142BC
F_sbs06_pad20	1248	F_	0x8142E0
F_sbs06_pad21	1249	F_	0x814304
F_sbs06_pad22	1250	F_	0x814328
F_sbs06_pad23	1251	F_	0x81434C
F_sbs06_pad24	1252	F_	0x814370
F_sbs06_pad25	1253	F_	0x814394
F_sbs06_pad26	1254	F_	0x8143B8
F_sbs06_pad27	1255	F_	0x8143DC
F_sbs06_pad28	1256	F_	0x814400
F_sbs06_pad29	1257	F_	0x814424
F_sbs06_pad30	1258	F_	0x814448
F_sbs06_pad31	1259	F_	0x81446C
F_sbs06_pad32	1260	F_	0x814490
F_sbs06_pad33	1261	F_	0x8144B4
F_sbs06_pad34	1262	F_	0x8144D8
F_sbs06_pad35	1263	F_	0x8144FC
F_sbs06_pad36	1264	F_	0x814520
F_sbs06_pad37	1265	F_	0x814544
F_sbs06_pad38	1266	F_	0x814568
F_sbs06_pad39	1267	F_	0x81458C
F_sbs06_pad40	1268	F_	0x8145B0
F_sbs06_pad41	1269	F_	0x8145D4
F_sbs07_top	1270	F_	0x8145F8
F_sbs07_pad00	1271	F_	0x81461C
F_sbs07_pad01	1272	F_	0x814640
F_sbs07_pad02	1273	F_	0x814664
F_sbs07_pad03	1274	F_	0x814688
F_sbs07_pad04	1275	F_	0x8146AC
F_sbs07_pad05	1276	F_	0x8146D0
F_sbs07_pad06	1277	F_	0x8146F4
F_sbs07_pad07	1278	F_	0x814718
F_sbs07_pad08	1279	F_	0x81473C
F_sbs07_pad09	1280	F_	0x814760
F_sbs07_pad10	1281	F_	0x814784
F_sbs07_pad11	1282	F_	0x8147A8
F_sbs07_pad12	1283	F_	0x8147CC
F_sbs07_pad13	1284	F_	0x8147F0
F_sbs07_pad14	1285	F_	0x814814
F_sbs07_pad15	1286	F_	0x814838
F_sbs07_pad16	1287	F_	0x81485C
F_sbs07_pad17	1288	F_	0x814880
F_sbs07_pad18	1289	F_	0x8148A4
F_sbs07_pad19	1290	F_	0x8148C8
F_sbs07_pad20	1291	F_	0x8148EC
F_sbs07_pad21	1292	F_	0x814910
F_sbs07_pad22	1293	F_	0x814934
F_sbs07_pad23	1294	F_	0x814958
F_sbs07_pad24	1295	F_	0x81497C
F_sbs07_pad25	1296	F_	0x8149A0
F_sbs07_pad26	1297	F_	0x8149C4
F_sbs07_pad27	1298	F_	0x8149E8
F_sbs07_pad28	1299	F_	0x814A0C
F_sbs07_pad29	1300	F_	0x814A30
F_sbs07_pad30	1301	F_	0x814A54
F_sbs07_pad31	1302	F_	0x814A78
F_sbs07_pad32	1303	F_	0x814A9C
F_sbs07_pad33	1304	F_	0x814AC0
F_sbs07_pad34	1305	F_	0x814AE4
F_sbs07_pad35	1306	F_	0x814B08
F_sbs07_pad36	1307	F_	0x814B2C
F_sbs07_pad37	1308	F_	0x814B50
F_sbs07_pad38	1309	F_	0x814B74
F_sbs07_pad39	1310	F_	0x814B98
F_sbs07_pad40	1311	F_	0x814BBC
F_sbs07_pad41	1312	F_	0x814BE0
F_sbs08_top	1313	F_	0x814C04
F_sbs08_pad00	1314	F_	0x814C28
F_sbs08_pad01	1315	F_	0x814C4C
F_sbs08_pad02	1316	F_	0x814C70
F_sbs08_pad03	1317	F_	0x814C94
F_sbs08_pad04	1318	F_	0x814CB8
F_sbs08_pad05	1319	F_	0x814CDC
F_sbs08_pad06	1320	F_	0x814D00
F_sbs08_pad07	1321	F_	0x814D24
F_sbs08_pad08	1322	F_	0x814D48
F_sbs08_pad09	1323	F_	0x814D6C
F_sbs08_pad10	1324	F_	0x814D90
F_sbs08_pad11	1325	F_	0x814DB4
F_sbs08_pad12	1326	F_	0x814DD8
F_sbs08_pad13	1327	F_	0x814DFC
F_sbs08_pad14	1328	F_	0x814E20
F_sbs08_pad15	1329	F_	0x814E44
F_sbs08_pad16	1330	F_	0x814E68
F_sbs08_pad17	1331	F_	0x814E8C
F_sbs08_pad18	1332	F_	0x814EB0
F_sbs08_pad19	1333	F_	0x814ED4
F_sbs08_pad20	1334	F_	0x814EF8
F_sbs08_pad21	1335	F_	0x814F1C
F_sbs08_pad22	1336	F_	0x814F40
F_sbs08_pad23	1337	F_	0x814F64
F_sbs08_pad24	1338	F_	0x814F88
F_sbs08_pad25	1339	F_	0x814FAC
F_sbs08_pad26	1340	F_	0x814FD0
F_sbs08_pad27	1341	F_	0x814FF4
F_sbs08_pad28	1342	F_	0x815018
F_sbs08_pad29	1343	F_	0x81503C
F_sbs08_pad30	1344	F_	0x815060
F_sbs08_pad31	1345	F_	0x815084
F_sbs08_pad32	1346	F_	0x8150A8
F_sbs08_pad33	1347	F_	0x8150CC
F_sbs08_pad34	1348	F_	0x8150F0
F_sbs08_pad35	1349	F_	0x815114
F_sbs08_pad36	1350	F_	0x815138
F_sbs08_pad37	1351	F_	0x81515C
F_sbs08_pad38	1352	F_	0x815180
F_sbs08_pad39	1353	F_	0x8151A4
F_sbs08_pad40	1354	F_	0x8151C8
F_sbs08_pad41	1355	F_	0x8151EC
F_sbs09_top	1356	F_	0x815210
F_sbs09_pad00	1357	F_	0x815234
F_sbs09_pad01	1358	F_	0x815258
F_sbs09_pad02	1359	F_	0x81527C
F_sbs09_pad03	1360	F_	0x8152A0
F_sbs09_pad04	1361	F_	0x8152C4
F_sbs09_pad05	1362	F_	0x8152E8
F_sbs09_pad06	1363	F_	0x81530C
F_sbs09_pad07	1364	F_	0x815330
F_sbs09_pad08	1365	F_	0x815354
F_sbs09_pad09	1366	F_	0x815378
F_sbs09_pad10	1367	F_	0x81539C
F_sbs09_pad11	1368	F_	0x8153C0
F_sbs09_pad12	1369	F_	0x8153E4
F_sbs09_pad13	1370	F_	0x815408
F_sbs09_pad14	1371	F_	0x81542C
F_sbs09_pad15	1372	F_	0x815450
F_sbs09_pad16	1373	F_	0x815474
F_sbs09_pad17	1374	F_	0x815498
F_sbs09_pad18	1375	F_	0x8154BC
F_sbs09_pad19	1376	F_	0x8154E0
F_sbs09_pad20	1377	F_	0x815504
F_sbs09_pad21	1378	F_	0x815528
F_sbs09_pad22	1379	F_	0x81554C
F_sbs09_pad23	1380	F_	0x815570
F_sbs09_pad24	1381	F_	0x815594
F_sbs09_pad25	1382	F_	0x8155B8
F_sbs09_pad26	1383	F_	0x8155DC
F_sbs09_pad27	1384	F_	0x815600
F_sbs09_pad28	1385	F_	0x815624
F_sbs09_pad29	1386	F_	0x815648
F_sbs09_pad30	1387	F_	0x81566C
F_sbs09_pad31	1388	F_	0x815690
F_sbs09_pad32	1389	F_	0x8156B4
F_sbs09_pad33	1390	F_	0x8156D8
F_sbs09_pad34	1391	F_	0x8156FC
F_sbs09_pad35	1392	F_	0x815720
F_sbs09_pad36	1393	F_	0x815744
F_sbs09_pad37	1394	F_	0x815768
F_sbs09_pad38	1395	F_	0x81578C
F_sbs09_pad39	1396	F_	0x8157B0
F_sbs09_pad40	1397	F_	0x8157D4
F_sbs09_pad41	1398	F_	0x8157F8
F_sbs10_top	1399	F_	0x81581C
F_sbs10_pad00	1400	F_	0x815840
F_sbs10_pad01	1401	F_	0x815864
F_sbs10_pad02	1402	F_	0x815888
F_sbs10_pad03	1403	F_	0x8158AC
F_sbs10_pad04	1404	F_	0x8158D0
F_sbs10_pad05	1405	F_	0x8158F4
F_sbs10_pad06	1406	F_	0x815918
F_sbs10_pad07	1407	F_	0x81593C
F_sbs10_pad08	1408	F_	0x815960
F_sbs10_pad09	1409	F_	0x815984
F_sbs10_pad10	1410	F_	0x8159A8
F_sbs10_pad11	1411	F_	0x8159CC
F_sbs10_pad12	1412	F_	0x8159F0
F_sbs10_pad13	1413	F_	0x815A14
F_sbs10_pad14	1414	F_	0x815A38
F_sbs10_pad15	1415	F_	0x815A5C
F_sbs10_pad16	1416	F_	0x815A80
F_sbs10_pad17	1417	F_	0x815AA4
F_sbs10_pad18	1418	F_	0x815AC8
F_sbs10_pad19	1419	F_	0x815AEC
F_sbs10_pad20	1420	F_	0x815B10
F_sbs10_pad21	1421	F_	0x815B34
F_sbs10_pad22	1422	F_	0x815B58
F_sbs10_pad23	1423	F_	0x815B7C
F_sbs10_pad24	1424	F_	0x815BA0
F_sbs10_pad25	1425	F_	0x815BC4
F_sbs10_pad26	1426	F_	0x815BE8
F_sbs10_pad27	1427	F_	0x815C0C
F_sbs10_pad28	1428	F_	0x815C30
F_sbs10_pad29	1429	F_	0x815C54
F_sbs10_pad30	1430	F_	0x815C78
F_sbs10_pad31	1431	F_	0x815C9C
F_sbs10_pad32	1432	F_	0x815CC0
F_sbs10_pad33	1433	F_	0x815CE4
F_sbs10_pad34	1434	F_	0x815D08
F_sbs10_pad35	1435	F_	0x815D2C
F_sbs10_pad36	1436	F_	0x815D50
F_sbs10_pad37	1437	F_	0x815D74
F_sbs10_pad38	1438	F_	0x815D98
F_sbs10_pad39	1439	F_	0x815DBC
F_sbs10_pad40	1440	F_	0x815DE0
F_sbs10_pad41	1441	F_	0x815E04
F_sbs11_top	1442	F_	0x815E28
F_sbs11_pad00	1443	F_	0x815E4C
F_sbs11_pad01	1444	F_	0x815E70
F_sbs11_pad02	1445	F_	0x815E94
F_sbs11_pad03	1446	F_	0x815EB8
F_sbs11_pad04	1447	F_	0x815EDC
F_sbs11_pad05	1448	F_	0x815F00
F_sbs11_pad06	1449	F_	0x815F24
F_sbs11_pad07	1450	F_	0x815F48
F_sbs11_pad08	1451	F_	0x815F6C
F_sbs11_pad09	1452	F_	0x815F90
F_sbs11_pad10	1453	F_	0x815FB4
F_sbs11_pad11	1454	F_	0x815FD8
F_sbs11_pad12	1455	F_	0x815FFC
F_sbs11_pad13	1456	F_	0x816020
F_sbs11_pad14	1457	F_	0x816044
F_sbs11_pad15	1458	F_	0x816068
F_sbs11_pad16	1459	F_	0x81608C
F_sbs11_pad17	1460	F_	0x8160B0
F_sbs11_pad18	1461	F_	0x8160D4
F_sbs11_pad19	1462	F_	0x8160F8
F_sbs11_pad20	1463	F_	0x81611C
F_sbs11_pad21	1464	F_	0x816140
F_sbs11_pad22	1465	F_	0x816164
F_sbs11_pad23	1466	F_	0x816188
F_sbs11_pad24	1467	F_	0x8161AC
F_sbs11_pad25	1468	F_	0x8161D0
F_sbs11_pad26	1469	F_	0x8161F4
F_sbs11_pad27	1470	F_	0x816218
F_sbs11_pad28	1471	F_	0x81623C
F_sbs11_pad29	1472	F_	0x816260
F_sbs11_pad30	1473	F_	0x816284
F_sbs11_pad31	1474	F_	0x8162A8
F_sbs11_pad32	1475	F_	0x8162CC
F_sbs11_pad33	1476	F_	0x8162F0
F_sbs11_pad34	1477	F_	0x816314
F_sbs11_pad35	1478	F_	0x816338
F_sbs11_pad36	1479	F_	0x81635C
F_sbs11_pad37	1480	F_	0x816380
F_sbs11_pad38	1481	F_	0x8163A4
F_sbs11_pad39	1482	F_	0x8163C8
F_sbs11_pad40	1483	F_	0x8163EC
F_sbs11_pad41	1484	F_	0x816410
F_sbs12_top	1485	F_	0x816434
F_sbs12_pad00	1486	F_	0x816458
F_sbs12_pad01	1487	F_	0x81647C
F_sbs12_pad02	1488	F_	0x8164A0
F_sbs12_pad03	1489	F_	0x8164C4
F_sbs12_pad04	1490	F_	0x8164E8
F_sbs12_pad05	1491	F_	0x81650C
F_sbs12_pad06	1492	F_	0x816530
F_sbs12_pad07	1493	F_	0x816554
F_sbs12_pad08	1494	F_	0x816578
F_sbs12_pad09	1495	F_	0x81659C
F_sbs12_pad10	1496	F_	0x8165C0
F_sbs12_pad11	1497	F_	0x8165E4
F_sbs12_pad12	1498	F_	0x816608
F_sbs12_pad13	1499	F_	0x81662C
F_sbs12_pad14	1500	F_	0x816650
F_sbs12_pad15	1501	F_	0x816674
F_sbs12_pad16	1502	F_	0x816698
F_sbs12_pad17	1503	F_	0x8166BC
F_sbs12_pad18	1504	F_	0x8166E0
F_sbs12_pad19	1505	F_	0x816704
F_sbs12_pad20	1506	F_	0x816728
F_sbs12_pad21	1507	F_	0x81674C
F_sbs12_pad22	1508	F_	0x816770
F_sbs12_pad23	1509	F_	0x816794
F_sbs12_pad24	1510	F_	0x8167B8
F_sbs12_pad25	1511	F_	0x8167DC
F_sbs12_pad26	1512	F_	0x816800
F_sbs12_pad27	1513	F_	0x816824
F_sbs12_pad28	1514	F_	0x816848
F_sbs12_pad29	1515	F_	0x81686C
F_sbs12_pad30	1516	F_	0x816890
F_sbs12_pad31	1517	F_	0x8168B4
F_sbs12_pad32	1518	F_	0x8168D8
F_sbs12_pad33	1519	F_	0x8168FC
F_sbs12_pad34	1520	F_	0x816920
F_sbs12_pad35	1521	F_	0x816944
F_sbs12_pad36	1522	F_	0x816968
F_sbs12_pad37	1523	F_	0x81698C
F_sbs12_pad38	1524	F_	0x8169B0
F_sbs12_pad39	1525	F_	0x8169D4
F_sbs12_pad40	1526	F_	0x8169F8
F_sbs12_pad41	1527	F_	0x816A1C
F_sbs13_top	1528	F_	0x816A40
F_sbs13_pad00	1529	F_	0x816A64
F_sbs13_pad01	1530	F_	0x816A88
F_sbs13_pad02	1531	F_	0x816AAC
F_sbs13_pad03	1532	F_	0x816AD0
F_sbs13_pad04	1533	F_	0x816AF4
F_sbs13_pad05	1534	F_	0x816B18
F_sbs13_pad06	1535	F_	0x816B3C
F_sbs13_pad07	1536	F_	0x816B60
F_sbs13_pad08	1537	F_	0x816B84
F_sbs13_pad09	1538	F_	0x816BA8
F_sbs13_pad10	1539	F_	0x816BCC
F_sbs13_pad11	1540	F_	0x816BF0
F_sbs13_pad12	1541	F_	0x816C14
F_sbs13_pad13	1542	F_	0x816C38
F_sbs13_pad14	1543	F_	0x816C5C
F_sbs13_pad15	1544	F_	0x816C80
F_sbs13_pad16	1545	F_	0x816CA4
F_sbs13_pad17	1546	F_	0x816CC8
F_sbs13_pad18	1547	F_	0x816CEC
F_sbs13_pad19	1548	F_	0x816D10
F_sbs13_pad20	1549	F_	0x816D34
F_sbs13_pad21	1550	F_	0x816D58
F_sbs13_pad22	1551	F_	0x816D7C
F_sbs13_pad23	1552	F_	0x816DA0
F_sbs13_pad24	1553	F_	0x816DC4
F_sbs13_pad25	1554	F_	0x816DE8
F_sbs13_pad26	1555	F_	0x816E0C
F_sbs13_pad27	1556	F_	0x816E30
F_sbs13_pad28	1557	F_	0x816E54
F_sbs13_pad29	1558	F_	0x816E78
F_sbs13_pad30	1559	F_	0x816E9C
F_sbs13_pad31	1560	F_	0x816EC0
F_sbs13_pad32	1561	F_	0x816EE4
F_sbs13_pad33	1562	F_	0x816F08
F_sbs13_pad34	1563	F_	0x816F2C
F_sbs13_pad35	1564	F_	0x816F50
F_sbs13_pad36	1565	F_	0x816F74
F_sbs13_pad37	1566	F_	0x816F98
F_sbs13_pad38	1567	F_	0x816FBC
F_sbs13_pad39	1568	F_	0x816FE0
F_sbs13_pad40	1569	F_	0x817004
F_sbs13_pad41	1570	F_	0x817028
F_sbs14_top	1571	F_	0x81704C
F_sbs14_pad00	1572	F_	0x817070
F_sbs14_pad01	1573	F_	0x817094
F_sbs14_pad02	1574	F_	0x8170B8
F_sbs14_pad03	1575	F_	0x8170DC
F_sbs14_pad04	1576	F_	0x817100
F_sbs14_pad05	1577	F_	0x817124
F_sbs14_pad06	1578	F_	0x817148
F_sbs14_pad07	1579	F_	0x81716C
F_sbs14_pad08	1580	F_	0x817190
F_sbs14_pad09	1581	F_	0x8171B4
F_sbs14_pad10	1582	F_	0x8171D8
F_sbs14_pad11	1583	F_	0x8171FC
F_sbs14_pad12	1584	F_	0x817220
F_sbs14_pad13	1585	F_	0x817244
F_sbs14_pad14	1586	F_	0x817268
F_sbs14_pad15	1587	F_	0x81728C
F_sbs14_pad16	1588	F_	0x8172B0
F_sbs14_pad17	1589	F_	0x8172D4
F_sbs14_pad18	1590	F_	0x8172F8
F_sbs14_pad19	1591	F_	0x81731C
F_sbs14_pad20	1592	F_	0x817340
F_sbs14_pad21	1593	F_	0x817364
F_sbs14_pad22	1594	F_	0x817388
F_sbs14_pad23	1595	F_	0x8173AC
F_sbs14_pad24	1596	F_	0x8173D0
F_sbs14_pad25	1597	F_	0x8173F4
F_sbs14_pad26	1598	F_	0x817418
F_sbs14_pad27	1599	F_	0x81743C
F_sbs14_pad28	1600	F_	0x817460
F_sbs14_pad29	1601	F_	0x817484
F_sbs14_pad30	1602	F_	0x8174A8
F_sbs14_pad31	1603	F_	0x8174CC
F_sbs14_pad32	1604	F_	0x8174F0
F_sbs14_pad33	1605	F_	0x817514
F_sbs14_pad34	1606	F_	0x817538
F_sbs14_pad35	1607	F_	0x81755C
F_sbs14_pad36	1608	F_	0x817580
F_sbs14_pad37	1609	F_	0x8175A4
F_sbs14_pad38	1610	F_	0x8175C8
F_sbs14_pad39	1611	F_	0x8175EC
F_sbs14_pad40	1612	F_	0x817610
F_sbs14_pad41	1613	F_	0x817634
F_sbs15_top	1614	F_	0x817658
F_sbs15_pad00	1615	F_	0x81767C
F_sbs15_pad01	1616	F_	0x8176A0
F_sbs15_pad02	1617	F_	0x8176C4
F_sbs15_pad03	1618	F_	0x8176E8
F_sbs15_pad04	1619	F_	0x81770C
F_sbs15_pad05	1620	F_	0x817730
F_sbs15_pad06	1621	F_	0x817754
F_sbs15_pad07	1622	F_	0x817778
F_sbs15_pad08	1623	F_	0x81779C
F_sbs15_pad09	1624	F_	0x8177C0
F_sbs15_pad10	1625	F_	0x8177E4
F_sbs15_pad11	1626	F_	0x817808
F_sbs15_pad12	1627	F_	0x81782C
F_sbs15_pad13	1628	F_	0x817850
F_sbs15_pad14	1629	F_	0x817874
F_sbs15_pad15	1630	F_	0x817898
F_sbs15_pad16	1631	F_	0x8178BC
F_sbs15_pad17	1632	F_	0x8178E0
F_sbs15_pad18	1633	F_	0x817904
F_sbs15_pad19	1634	F_	0x817928
F_sbs15_pad20	1635	F_	0x81794C
F_sbs15_pad21	1636	F_	0x817970
F_sbs15_pad22	1637	F_	0x817994
F_sbs15_pad23	1638	F_	0x8179B8
F_sbs15_pad24	1639	F_	0x8179DC
F_sbs15_pad25	1640	F_	0x817A00
F_sbs15_pad26	1641	F_	0x817A24
F_sbs15_pad27	1642	F_	0x817A48
F_sbs15_pad28	1643	F_	0x817A6C
F_sbs15_pad29	1644	F_	0x817A90
F_sbs15_pad30	1645	F_	0x817AB4
F_sbs15_pad31	1646	F_	0x817AD8
F_sbs15_pad32	1647	F_	0x817AFC
F_sbs15_pad33	1648	F_	0x817B20
F_sbs15_pad34	1649	F_	0x817B44
F_sbs15_pad35	1650	F_	0x817B68
F_sbs15_pad36	1651	F_	0x817B8C
F_sbs15_pad37	1652	F_	0x817BB0
F_sbs15_pad38	1653	F_	0x817BD4
F_sbs15_pad39	1654	F_	0x817BF8
F_sbs15_pad40	1655	F_	0x817C1C
F_sbs15_pad41	1656	F_	0x817C40
F_sbs16_top	1657	F_	0x817C64
F_sbs16_pad00	1658	F_	0x817C88
F_sbs16_pad01	1659	F_	0x817CAC
F_sbs16_pad02	1660	F_	0x817CD0
F_sbs16_pad03	1661	F_	0x817CF4
F_sbs16_pad04	1662	F_	0x817D18
F_sbs16_pad05	1663	F_	0x817D3C
F_sbs16_pad06	1664	F_	0x817D60
F_sbs16_pad07	1665	F_	0x817D84
F_sbs16_pad08	1666	F_	0x817DA8
F_sbs16_pad09	1667	F_	0x817DCC
F_sbs16_pad10	1668	F_	0x817DF0
F_sbs16_pad11	1669	F_	0x817E14
F_sbs16_pad12	1670	F_	0x817E38
F_sbs16_pad13	1671	F_	0x817E5C
F_sbs16_pad14	1672	F_	0x817E80
F_sbs16_pad15	1673	F_	0x817EA4
F_sbs16_pad16	1674	F_	0x817EC8
F_sbs16_pad17	1675	F_	0x817EEC
F_sbs16_pad18	1676	F_	0x817F10
F_sbs16_pad19	1677	F_	0x817F34
F_sbs16_pad20	1678	F_	0x817F58
F_sbs16_pad21	1679	F_	0x817F7C
F_sbs16_pad22	1680	F_	0x817FA0
F_sbs16_pad23	1681	F_	0x817FC4
F_sbs16_pad24	1682	F_	0x817FE8
F_sbs16_pad25	1683	F_	0x81800C
F_sbs16_pad26	1684	F_	0x818030
F_sbs16_pad27	1685	F_	0x818054
F_sbs16_pad28	1686	F_	0x818078
F_sbs16_pad29	1687	F_	0x81809C
F_sbs16_pad30	1688	F_	0x8180C0
F_sbs16_pad31	1689	F_	0x8180E4
F_sbs16_pad32	1690	F_	0x818108
F_sbs16_pad33	1691	F_	0x81812C
F_sbs16_pad34	1692	F_	0x818150
F_sbs16_pad35	1693	F_	0x818174
F_sbs16_pad36	1694	F_	0x818198
F_sbs16_pad37	1695	F_	0x8181BC
F_sbs16_pad38	1696	F_	0x8181E0
F_sbs16_pad39	1697	F_	0x818204
F_sbs16_pad40	1698	F_	0x818228
F_sbs16_pad41	1699	F_	0x81824C
F_sbs17_top	1700	F_	0x818270
F_sbs17_pad00	1701	F_	0x818294
F_sbs17_pad01	1702	F_	0x8182B8
F_sbs17_pad02	1703	F_	0x8182DC
F_sbs17_pad03	1704	F_	0x818300
F_sbs17_pad04	1705	F_	0x818324
F_sbs17_pad05	1706	F_	0x818348
F_sbs17_pad06	1707	F_	0x81836C
F_sbs17_pad07	1708	F_	0x818390
F_sbs17_pad08	1709	F_	0x8183B4
F_sbs17_pad09	1710	F_	0x8183D8
F_sbs17_pad10	1711	F_	0x8183FC
F_sbs17_pad11	1712	F_	0x818420
F_sbs17_pad12	1713	F_	0x818444
F_sbs17_pad13	1714	F_	0x818468
F_sbs17_pad14	1715	F_	0x81848C
F_sbs17_pad15	1716	F_	0x8184B0
F_sbs17_pad16	1717	F_	0x8184D4
F_sbs17_pad17	1718	F_	0x8184F8
F_sbs17_pad18	1719	F_	0x81851C
F_sbs17_pad19	1720	F_	0x818540
F_sbs17_pad20	1721	F_	0x818564
F_sbs17_pad21	1722	F_	0x818588
F_sbs17_pad22	1723	F_	0x8185AC
F_sbs17_pad23	1724	F_	0x8185D0
F_sbs17_pad24	1725	F_	0x8185F4
F_sbs17_pad25	1726	F_	0x818618
F_sbs17_pad26	1727	F_	0x81863C
F_sbs17_pad27	1728	F_	0x818660
F_sbs17_pad28	1729	F_	0x818684
F_sbs17_pad29	1730	F_	0x8186A8
F_sbs17_pad30	1731	F_	0x8186CC
F_sbs17_pad31	1732	F_	0x8186F0
F_sbs17_pad32	1733	F_	0x818714
F_sbs17_pad33	1734	F_	0x818738
F_sbs17_pad34	1735	F_	0x81875C
F_sbs17_pad35	1736	F_	0x818780
F_sbs17_pad36	1737	F_	0x8187A4
F_sbs17_pad37	1738	F_	0x8187C8
F_sbs17_pad38	1739	F_	0x8187EC
F_sbs17_pad39	1740	F_	0x818810
F_sbs17_pad40	1741	F_	0x818834
F_sbs17_pad41	1742	F_	0x818858
F_sbs18_top	1743	F_	0x81887C
F_sbs18_pad00	1744	F_	0x8188A0
F_sbs18_pad01	1745	F_	0x8188C4
F_sbs18_pad02	1746	F_	0x8188E8
F_sbs18_pad03	1747	F_	0x81890C
F_sbs18_pad04	1748	F_	0x818930
F_sbs18_pad05	1749	F_	0x818954
F_sbs18_pad06	1750	F_	0x818978
F_sbs18_pad07	1751	F_	0x81899C
F_sbs18_pad08	1752	F_	0x8189C0
F_sbs18_pad09	1753	F_	0x8189E4
F_sbs18_pad10	1754	F_	0x818A08
F_sbs18_pad11	1755	F_	0x818A2C
F_sbs18_pad12	1756	F_	0x818A50
F_sbs18_pad13	1757	F_	0x818A74
F_sbs18_pad14	1758	F_	0x818A98
F_sbs18_pad15	1759	F_	0x818ABC
F_sbs18_pad16	1760	F_	0x818AE0
F_sbs18_pad17	1761	F_	0x818B04
F_sbs18_pad18	1762	F_	0x818B28
F_sbs18_pad19	1763	F_	0x818B4C
F_sbs18_pad20	1764	F_	0x818B70
F_sbs18_pad21	1765	F_	0x818B94
F_sbs18_pad22	1766	F_	0x818BB8
F_sbs18_pad23	1767	F_	0x818BDC
F_sbs18_pad24	1768	F_	0x818C00
F_sbs18_pad25	1769	F_	0x818C24
F_sbs18_pad26	1770	F_	0x818C48
F_sbs18_pad27	1771	F_	0x818C6C
F_sbs18_pad28	1772	F_	0x818C90
F_sbs18_pad29	1773	F_	0x818CB4
F_sbs18_pad30	1774	F_	0x818CD8
F_sbs18_pad31	1775	F_	0x818CFC
F_sbs18_pad32	1776	F_	0x818D20
F_sbs18_pad33	1777	F_	0x818D44
F_sbs18_pad34	1778	F_	0x818D68
F_sbs18_pad35	1779	F_	0x818D8C
F_sbs18_pad36	1780	F_	0x818DB0
F_sbs18_pad37	1781	F_	0x818DD4
F_sbs18_pad38	1782	F_	0x818DF8
F_sbs18_pad39	1783	F_	0x818E1C
F_sbs18_pad40	1784	F_	0x818E40
F_sbs18_pad41	1785	F_	0x818E64
F_sbs19_top	1786	F_	0x818E88
F_sbs19_pad00	1787	F_	0x818EAC
F_sbs19_pad01	1788	F_	0x818ED0
F_sbs19_pad02	1789	F_	0x818EF4
F_sbs19_pad03	1790	F_	0x818F18
F_sbs19_pad04	1791	F_	0x818F3C
F_sbs19_pad05	1792	F_	0x818F60
F_sbs19_pad06	1793	F_	0x818F84
F_sbs19_pad07	1794	F_	0x818FA8
F_sbs19_pad08	1795	F_	0x818FCC
F_sbs19_pad09	1796	F_	0x818FF0
F_sbs19_pad10	1797	F_	0x819014
F_sbs19_pad11	1798	F_	0x819038
F_sbs19_pad12	1799	F_	0x81905C
F_sbs19_pad13	1800	F_	0x819080
F_sbs19_pad14	1801	F_	0x8190A4
F_sbs19_pad15	1802	F_	0x8190C8
F_sbs19_pad16	1803	F_	0x8190EC
F_sbs19_pad17	1804	F_	0x819110
F_sbs19_pad18	1805	F_	0x819134
F_sbs19_pad19	1806	F_	0x819158
F_sbs19_pad20	1807	F_	0x81917C
F_sbs19_pad21	1808	F_	0x8191A0
F_sbs19_pad22	1809	F_	0x8191C4
F_sbs19_pad23	1810	F_	0x8191E8
F_sbs19_pad24	1811	F_	0x81920C
F_sbs19_pad25	1812	F_	0x819230
F_sbs19_pad26	1813	F_	0x819254
F_sbs19_pad27	1814	F_	0x819278
F_sbs19_pad28	1815	F_	0x81929C
F_sbs19_pad29	1816	F_	0x8192C0
F_sbs19_pad30	1817	F_	0x8192E4
F_sbs19_pad31	1818	F_	0x819308
F_sbs19_pad32	1819	F_	0x81932C
F_sbs19_pad33	1820	F_	0x819350
F_sbs19_pad34	1821	F_	0x819374
F_sbs19_pad35	1822	F_	0x819398
F_sbs19_pad36	1823	F_	0x8193BC
F_sbs19_pad37	1824	F_	0x8193E0
F_sbs19_pad38	1825	F_	0x819404
F_sbs19_pad39	1826	F_	0x819428
F_sbs19_pad40	1827	F_	0x81944C
F_sbs19_pad41	1828	F_	0x819470
F_sbs20_top	1829	F_	0x819494
F_sbs20_pad00	1830	F_	0x8194B8
F_sbs20_pad01	1831	F_	0x8194DC
F_sbs20_pad02	1832	F_	0x819500
F_sbs20_pad03	1833	F_	0x819524
F_sbs20_pad04	1834	F_	0x819548
F_sbs20_pad05	1835	F_	0x81956C
F_sbs20_pad06	1836	F_	0x819590
F_sbs20_pad07	1837	F_	0x8195B4
F_sbs20_pad08	1838	F_	0x8195D8
F_sbs20_pad09	1839	F_	0x8195FC
F_sbs20_pad10	1840	F_	0x819620
F_sbs20_pad11	1841	F_	0x819644
F_sbs20_pad12	1842	F_	0x819668
F_sbs20_pad13	1843	F_	0x81968C
F_sbs20_pad14	1844	F_	0x8196B0
F_sbs20_pad15	1845	F_	0x8196D4
F_sbs20_pad16	1846	F_	0x8196F8
F_sbs20_pad17	1847	F_	0x81971C
F_sbs20_pad18	1848	F_	0x819740
F_sbs20_pad19	1849	F_	0x819764
F_sbs20_pad20	1850	F_	0x819788
F_sbs20_pad21	1851	F_	0x8197AC
F_sbs20_pad22	1852	F_	0x8197D0
F_sbs20_pad23	1853	F_	0x8197F4
F_sbs20_pad24	1854	F_	0x819818
F_sbs20_pad25	1855	F_	0x81983C
F_sbs20_pad26	1856	F_	0x819860
F_sbs20_pad27	1857	F_	0x819884
F_sbs20_pad28	1858	F_	0x8198A8
F_sbs20_pad29	1859	F_	0x8198CC
F_sbs20_pad30	1860	F_	0x8198F0
F_sbs20_pad31	1861	F_	0x819914
F_sbs20_pad32	1862	F_	0x819938
F_sbs20_pad33	1863	F_	0x81995C
F_sbs20_pad34	1864	F_	0x819980
F_sbs20_pad35	1865	F_	0x8199A4
F_sbs20_pad36	1866	F_	0x8199C8
F_sbs20_pad37	1867	F_	0x8199EC
F_sbs20_pad38	1868	F_	0x819A10
F_sbs20_pad39	1869	F_	0x819A34
F_sbs20_pad40	1870	F_	0x819A58
F_sbs20_pad41	1871	F_	0x819A7C
F_sbs21_top	1872	F_	0x819AA0
F_sbs21_pad00	1873	F_	0x819AC4
F_sbs21_pad01	1874	F_	0x819AE8
F_sbs21_pad02	1875	F_	0x819B0C
F_sbs21_pad03	1876	F_	0x819B30
F_sbs21_pad04	1877	F_	0x819B54
F_sbs21_pad05	1878	F_	0x819B78
F_sbs21_pad06	1879	F_	0x819B9C
F_sbs21_pad07	1880	F_	0x819BC0
F_sbs21_pad08	1881	F_	0x819BE4
F_sbs21_pad09	1882	F_	0x819C08
F_sbs21_pad10	1883	F_	0x819C2C
F_sbs21_pad11	1884	F_	0x819C50
F_sbs21_pad12	1885	F_	0x819C74
F_sbs21_pad13	1886	F_	0x819C98
F_sbs21_pad14	1887	F_	0x819CBC
F_sbs21_pad15	1888	F_	0x819CE0
F_sbs21_pad16	1889	F_	0x819D04
F_sbs21_pad17	1890	F_	0x819D28
F_sbs21_pad18	1891	F_	0x819D4C
F_sbs21_pad19	1892	F_	0x819D70
F_sbs21_pad20	1893	F_	0x819D94
F_sbs21_pad21	1894	F_	0x819DB8
F_sbs21_pad22	1895	F_	0x819DDC
F_sbs21_pad23	1896	F_	0x819E00
F_sbs21_pad24	1897	F_	0x819E24
F_sbs21_pad25	1898	F_	0x819E48
F_sbs21_pad26	1899	F_	0x819E6C
F_sbs21_pad27	1900	F_	0x819E90
F_sbs21_pad28	1901	F_	0x819EB4
F_sbs21_pad29	1902	F_	0x819ED8
F_sbs21_pad30	1903	F_	0x819EFC
F_sbs21_pad31	1904	F_	0x819F20
F_sbs21_pad32	1905	F_	0x819F44
F_sbs21_pad33	1906	F_	0x819F68
F_sbs21_pad34	1907	F_	0x819F8C
F_sbs21_pad35	1908	F_	0x819FB0
F_sbs21_pad36	1909	F_	0x819FD4
F_sbs21_pad37	1910	F_	0x819FF8
F_sbs21_pad38	1911	F_	0x81A01C
F_sbs21_pad39	1912	F_	0x81A040
F_sbs21_pad40	1913	F_	0x81A064
F_sbs21_pad41	1914	F_	0x81A088
F_sbs22_top	1915	F_	0x81A0AC
F_sbs22_pad00	1916	F_	0x81A0D0
F_sbs22_pad01	1917	F_	0x81A0F4
F_sbs22_pad02	1918	F_	0x81A118
F_sbs22_pad03	1919	F_	0x81A13C
F_sbs22_pad04	1920	F_	0x81A160
F_sbs22_pad05	1921	F_	0x81A184
F_sbs22_pad06	1922	F_	0x81A1A8
F_sbs22_pad07	1923	F_	0x81A1CC
F_sbs22_pad08	1924	F_	0x81A1F0
F_sbs22_pad09	1925	F_	0x81A214
F_sbs22_pad10	1926	F_	0x81A238
F_sbs22_pad11	1927	F_	0x81A25C
F_sbs22_pad12	1928	F_	0x81A280
F_sbs22_pad13	1929	F_	0x81A2A4
F_sbs22_pad14	1930	F_	0x81A2C8
F_sbs22_pad15	1931	F_	0x81A2EC
F_sbs22_pad16	1932	F_	0x81A310
F_sbs22_pad17	1933	F_	0x81A334
F_sbs22_pad18	1934	F_	0x81A358
F_sbs22_pad19	1935	F_	0x81A37C
F_sbs22_pad20	1936	F_	0x81A3A0
F_sbs22_pad21	1937	F_	0x81A3C4
F_sbs22_pad22	1938	F_	0x81A3E8
F_sbs22_pad23	1939	F_	0x81A40C
F_sbs22_pad24	1940	F_	0x81A430
F_sbs22_pad25	1941	F_	0x81A454
F_sbs22_pad26	1942	F_	0x81A478
F_sbs22_pad27	1943	F_	0x81A49C
F_sbs22_pad28	1944	F_	0x81A4C0
F_sbs22_pad29	1945	F_	0x81A4E4
F_sbs22_pad30	1946	F_	0x81A508
F_sbs22_pad31	1947	F_	0x81A52C
F_sbs22_pad32	1948	F_	0x81A550
F_sbs22_pad33	1949	F_	0x81A574
F_sbs22_pad34	1950	F_	0x81A598
F_sbs22_pad35	1951	F_	0x81A5BC
F_sbs22_pad36	1952	F_	0x81A5E0
F_sbs22_pad37	1953	F_	0x81A604
F_sbs22_pad38	1954	F_	0x81A628
F_sbs22_pad39	1955	F_	0x81A64C
F_sbs22_pad40	1956	F_	0x81A670
F_sbs22_pad41	1957	F_	0x81A694
F_sbs23_top	1958	F_	0x81A6B8
F_sbs23_pad00	1959	F_	0x81A6DC
F_sbs23_pad01	1960	F_	0x81A700
F_sbs23_pad02	1961	F_	0x81A724
F_sbs23_pad03	1962	F_	0x81A748
F_sbs23_pad04	1963	F_	0x81A76C
F_sbs23_pad05	1964	F_	0x81A790
F_sbs23_pad06	1965	F_	0x81A7B4
F_sbs23_pad07	1966	F_	0x81A7D8
F_sbs23_pad08	1967	F_	0x81A7FC
F_sbs23_pad09	1968	F_	0x81A820
F_sbs23_pad10	1969	F_	0x81A844
F_sbs23_pad11	1970	F_	0x81A868
F_sbs23_pad12	1971	F_	0x81A88C
F_sbs23_pad13	1972	F_	0x81A8B0
F_sbs23_pad14	1973	F_	0x81A8D4
F_sbs23_pad15	1974	F_	0x81A8F8
F_sbs23_pad16	1975	F_	0x81A91C
F_sbs23_pad17	1976	F_	0x81A940
F_sbs23_pad18	1977	F_	0x81A964
F_sbs23_pad19	1978	F_	0x81A988
F_sbs23_pad20	1979	F_	0x81A9AC
F_sbs23_pad21	1980	F_	0x81A9D0
F_sbs23_pad22	1981	F_	0x81A9F4
F_sbs23_pad23	1982	F_	0x81AA18
F_sbs23_pad24	1983	F_	0x81AA3C
F_sbs23_pad25	1984	F_	0x81AA60
F_sbs23_pad26	1985	F_	0x81AA84
F_sbs23_pad27	1986	F_	0x81AAA8
F_sbs23_pad28	1987	F_	0x81AACC
F_sbs23_pad29	1988	F_	0x81AAF0
F_sbs23_pad30	1989	F_	0x81AB14
F_sbs23_pad31	1990	F_	0x81AB38
F_sbs23_pad32	1991	F_	0x81AB5C
F_sbs23_pad33	1992	F_	0x81AB80
F_sbs23_pad34	1993	F_	0x81ABA4
F_sbs23_pad35	1994	F_	0x81ABC8
F_sbs23_pad36	1995	F_	0x81ABEC
F_sbs23_pad37	1996	F_	0x81AC10
F_sbs23_pad38	1997	F_	0x81AC34
F_sbs23_pad39	1998	F_	0x81AC58
F_sbs23_pad40	1999	F_	0x81AC7C
F_sbs23_pad41	2000	F_	0x81ACA0
F_sbs24_top	2001	F_	0x81ACC4
F_sbs24_pad00	2002	F_	0x81ACE8
F_sbs24_pad01	2003	F_	0x81AD0C
F_sbs24_pad02	2004	F_	0x81AD30
F_sbs24_pad03	2005	F_	0x81AD54
F_sbs24_pad04	2006	F_	0x81AD78
F_sbs24_pad05	2007	F_	0x81AD9C
F_sbs24_pad06	2008	F_	0x81ADC0
F_sbs24_pad07	2009	F_	0x81ADE4
F_sbs24_pad08	2010	F_	0x81AE08
F_sbs24_pad09	2011	F_	0x81AE2C
F_sbs24_pad10	2012	F_	0x81AE50
F_sbs24_pad11	2013	F_	0x81AE74
F_sbs24_pad12	2014	F_	0x81AE98
F_sbs24_pad13	2015	F_	0x81AEBC
F_sbs24_pad14	2016	F_	0x81AEE0
F_sbs24_pad15	2017	F_	0x81AF04
F_sbs24_pad16	2018	F_	0x81AF28
F_sbs24_pad17	2019	F_	0x81AF4C
F_sbs24_pad18	2020	F_	0x81AF70
F_sbs24_pad19	2021	F_	0x81AF94
F_sbs24_pad20	2022	F_	0x81AFB8
F_sbs24_pad21	2023	F_	0x81AFDC
F_sbs24_pad22	2024	F_	0x81B000
F_sbs24_pad23	2025	F_	0x81B024
F_sbs24_pad24	2026	F_	0x81B048
F_sbs24_pad25	2027	F_	0x81B06C
F_sbs24_pad26	2028	F_	0x81B090
F_sbs24_pad27	2029	F_	0x81B0B4
F_sbs24_pad28	2030	F_	0x81B0D8
F_sbs24_pad29	2031	F_	0x81B0FC
F_sbs24_pad30	2032	F_	0x81B120
F_sbs24_pad31	2033	F_	0x81B144
F_sbs24_pad32	2034	F_	0x81B168
F_sbs24_pad33	2035	F_	0x81B18C
F_sbs24_pad34	2036	F_	0x81B1B0
F_sbs24_pad35	2037	F_	0x81B1D4
F_sbs24_pad36	2038	F_	0x81B1F8
F_sbs24_pad37	2039	F_	0x81B21C
F_sbs24_pad38	2040	F_	0x81B240
F_sbs24_pad39	2041	F_	0x81B264
F_sbs24_pad40	2042	F_	0x81B288
F_sbs24_pad41	2043	F_	0x81B2AC
F_sbs25_top	2044	F_	0x81B2D0
F_sbs25_pad00	2045	F_	0x81B2F4
F_sbs25_pad01	2046	F_	0x81B318
F_sbs25_pad02	2047	F_	0x81B33C
F_sbs25_pad03	2048	F_	0x81B360
F_sbs25_pad04	2049	F_	0x81B384
F_sbs25_pad05	2050	F_	0x81B3A8
F_sbs25_pad06	2051	F_	0x81B3CC
F_sbs25_pad07	2052	F_	0x81B3F0
F_sbs25_pad08	2053	F_	0x81B414
F_sbs25_pad09	2054	F_	0x81B438
F_sbs25_pad10	2055	F_	0x81B45C
F_sbs25_pad11	2056	F_	0x81B480
F_sbs25_pad12	2057	F_	0x81B4A4
F_sbs25_pad13	2058	F_	0x81B4C8
F_sbs25_pad14	2059	F_	0x81B4EC
F_sbs25_pad15	2060	F_	0x81B510
F_sbs25_pad16	2061	F_	0x81B534
F_sbs25_pad17	2062	F_	0x81B558
F_sbs25_pad18	2063	F_	0x81B57C
F_sbs25_pad19	2064	F_	0x81B5A0
F_sbs25_pad20	2065	F_	0x81B5C4
F_sbs25_pad21	2066	F_	0x81B5E8
F_sbs25_pad22	2067	F_	0x81B60C
F_sbs25_pad23	2068	F_	0x81B630
F_sbs25_pad24	2069	F_	0x81B654
F_sbs25_pad25	2070	F_	0x81B678
F_sbs25_pad26	2071	F_	0x81B69C
F_sbs25_pad27	2072	F_	0x81B6C0
F_sbs25_pad28	2073	F_	0x81B6E4
F_sbs25_pad29	2074	F_	0x81B708
F_sbs25_pad30	2075	F_	0x81B72C
F_sbs25_pad31	2076	F_	0x81B750
F_sbs25_pad32	2077	F_	0x81B774
F_sbs25_pad33	2078	F_	0x81B798
F_sbs25_pad34	2079	F_	0x81B7BC
F_sbs25_pad35	2080	F_	0x81B7E0
F_sbs25_pad36	2081	F_	0x81B804
F_sbs25_pad37	2082	F_	0x81B828
F_sbs25_pad38	2083	F_	0x81B84C
F_sbs25_pad39	2084	F_	0x81B870
F_sbs25_pad40	2085	F_	0x81B894
F_sbs25_pad41	2086	F_	0x81B8B8
F_sbs26_top	2087	F_	0x81B8DC
F_sbs26_pad00	2088	F_	0x81B900
F_sbs26_pad01	2089	F_	0x81B924
F_sbs26_pad02	2090	F_	0x81B948
F_sbs26_pad03	2091	F_	0x81B96C
F_sbs26_pad04	2092	F_	0x81B990
F_sbs26_pad05	2093	F_	0x81B9B4
F_sbs26_pad06	2094	F_	0x81B9D8
F_sbs26_pad07	2095	F_	0x81B9FC
F_sbs26_pad08	2096	F_	0x81BA20
F_sbs26_pad09	2097	F_	0x81BA44
F_sbs26_pad10	2098	F_	0x81BA68
F_sbs26_pad11	2099	F_	0x81BA8C
F_sbs26_pad12	2100	F_	0x81BAB0
F_sbs26_pad13	2101	F_	0x81BAD4
F_sbs26_pad14	2102	F_	0x81BAF8
F_sbs26_pad15	2103	F_	0x81BB1C
F_sbs26_pad16	2104	F_	0x81BB40
F_sbs26_pad17	2105	F_	0x81BB64
F_sbs26_pad18	2106	F_	0x81BB88
F_sbs26_pad19	2107	F_	0x81BBAC
F_sbs26_pad20	2108	F_	0x81BBD0
F_sbs26_pad21	2109	F_	0x81BBF4
F_sbs26_pad22	2110	F_	0x81BC18
F_sbs26_pad23	2111	F_	0x81BC3C
F_sbs26_pad24	2112	F_	0x81BC60
F_sbs26_pad25	2113	F_	0x81BC84
F_sbs26_pad26	2114	F_	0x81BCA8
F_sbs26_pad27	2115	F_	0x81BCCC
F_sbs26_pad28	2116	F_	0x81BCF0
F_sbs26_pad29	2117	F_	0x81BD14
F_sbs26_pad30	2118	F_	0x81BD38
F_sbs26_pad31	2119	F_	0x81BD5C
F_sbs26_pad32	2120	F_	0x81BD80
F_sbs26_pad33	2121	F_	0x81BDA4
F_sbs26_pad34	2122	F_	0x81BDC8
F_sbs26_pad35	2123	F_	0x81BDEC
F_sbs26_pad36	2124	F_	0x81BE10
F_sbs26_pad37	2125	F_	0x81BE34
F_sbs26_pad38	2126	F_	0x81BE58
F_sbs26_pad39	2127	F_	0x81BE7C
F_sbs26_pad40	2128	F_	0x81BEA0
F_sbs26_pad41	2129	F_	0x81BEC4
F_sbs27_top	2130	F_	0x81BEE8
F_sbs27_pad00	2131	F_	0x81BF0C
F_sbs27_pad01	2132	F_	0x81BF30
F_sbs27_pad02	2133	F_	0x81BF54
F_sbs27_pad03	2134	F_	0x81BF78
F_sbs27_pad04	2135	F_	0x81BF9C
F_sbs27_pad05	2136	F_	0x81BFC0
F_sbs27_pad06	2137	F_	0x81BFE4
F_sbs27_pad07	2138	F_	0x81C008
F_sbs27_pad08	2139	F_	0x81C02C
F_sbs27_pad09	2140	F_	0x81C050
F_sbs27_pad10	2141	F_	0x81C074
F_sbs27_pad11	2142	F_	0x81C098
F_sbs27_pad12	2143	F_	0x81C0BC
F_sbs27_pad13	2144	F_	0x81C0E0
F_sbs27_pad14	2145	F_	0x81C104
F_sbs27_pad15	2146	F_	0x81C128
F_sbs27_pad16	2147	F_	0x81C14C
F_sbs27_pad17	2148	F_	0x81C170
F_sbs27_pad18	2149	F_	0x81C194
F_sbs27_pad19	2150	F_	0x81C1B8
F_sbs27_pad20	2151	F_	0x81C1DC
F_sbs27_pad21	2152	F_	0x81C200
F_sbs27_pad22	2153	F_	0x81C224
F_sbs27_pad23	2154	F_	0x81C248
F_sbs27_pad24	2155	F_	0x81C26C
F_sbs27_pad25	2156	F_	0x81C290
F_sbs27_pad26	2157	F_	0x81C2B4
F_sbs27_pad27	2158	F_	0x81C2D8
F_sbs27_pad28	2159	F_	0x81C2FC
F_sbs27_pad29	2160	F_	0x81C320
F_sbs27_pad30	2161	F_	0x81C344
F_sbs27_pad31	2162	F_	0x81C368
F_sbs27_pad32	2163	F_	0x81C38C
F_sbs27_pad33	2164	F_	0x81C3B0
F_sbs27_pad34	2165	F_	0x81C3D4
F_sbs27_pad35	2166	F_	0x81C3F8
F_sbs27_pad36	2167	F_	0x81C41C
F_sbs27_pad37	2168	F_	0x81C440
F_sbs27_pad38	2169	F_	0x81C464
F_sbs27_pad39	2170	F_	0x81C488
F_sbs27_pad40	2171	F_	0x81C4AC
F_sbs27_pad41	2172	F_	0x81C4D0
F_sbs28_top	2173	F_	0x81C4F4
F_sbs28_pad00	2174	F_	0x81C518
F_sbs28_pad01	2175	F_	0x81C53C
F_sbs28_pad02	2176	F_	0x81C560
F_sbs28_pad03	2177	F_	0x81C584
F_sbs28_pad04	2178	F_	0x81C5A8
F_sbs28_pad05	2179	F_	0x81C5CC
F_sbs28_pad06	2180	F_	0x81C5F0
F_sbs28_pad07	2181	F_	0x81C614
F_sbs28_pad08	2182	F_	0x81C638
F_sbs28_pad09	2183	F_	0x81C65C
F_sbs28_pad10	2184	F_	0x81C680
F_sbs28_pad11	2185	F_	0x81C6A4
F_sbs28_pad12	2186	F_	0x81C6C8
F_sbs28_pad13	2187	F_	0x81C6EC
F_sbs28_pad14	2188	F_	0x81C710
F_sbs28_pad15	2189	F_	0x81C734
F_sbs28_pad16	2190	F_	0x81C758
F_sbs28_pad17	2191	F_	0x81C77C
F_sbs28_pad18	2192	F_	0x81C7A0
F_sbs28_pad19	2193	F_	0x81C7C4
F_sbs28_pad20	2194	F_	0x81C7E8
F_sbs28_pad21	2195	F_	0x81C80C
F_sbs28_pad22	2196	F_	0x81C830
F_sbs28_pad23	2197	F_	0x81C854
F_sbs28_pad24	2198	F_	0x81C878
F_sbs28_pad25	2199	F_	0x81C89C
F_sbs28_pad26	2200	F_	0x81C8C0
F_sbs28_pad27	2201	F_	0x81C8E4
F_sbs28_pad28	2202	F_	0x81C908
F_sbs28_pad29	2203	F_	0x81C92C
F_sbs28_pad30	2204	F_	0x81C950
F_sbs28_pad31	2205	F_	0x81C974
F_sbs28_pad32	2206	F_	0x81C998
F_sbs28_pad33	2207	F_	0x81C9BC
F_sbs28_pad34	2208	F_	0x81C9E0
F_sbs28_pad35	2209	F_	0x81CA04
F_sbs28_pad36	2210	F_	0x81CA28
F_sbs28_pad37	2211	F_	0x81CA4C
F_sbs28_pad38	2212	F_	0x81CA70
F_sbs28_pad39	2213	F_	0x81CA94
F_sbs28_pad40	2214	F_	0x81CAB8
F_sbs28_pad41	2215	F_	0x81CADC
F_sbs29_top	2216	F_	0x81CB00
F_sbs29_pad00	2217	F_	0x81CB24
F_sbs29_pad01	2218	F_	0x81CB48
F_sbs29_pad02	2219	F_	0x81CB6C
F_sbs29_pad03	2220	F_	0x81CB90
F_sbs29_pad04	2221	F_	0x81CBB4
F_sbs29_pad05	2222	F_	0x81CBD8
F_sbs29_pad06	2223	F_	0x81CBFC
F_sbs29_pad07	2224	F_	0x81CC20
F_sbs29_pad08	2225	F_	0x81CC44
F_sbs29_pad09	2226	F_	0x81CC68
F_sbs29_pad10	2227	F_	0x81CC8C
F_sbs29_pad11	2228	F_	0x81CCB0
F_sbs29_pad12	2229	F_	0x81CCD4
F_sbs29_pad13	2230	F_	0x81CCF8
F_sbs29_pad14	2231	F_	0x81CD1C
F_sbs29_pad15	2232	F_	0x81CD40
F_sbs29_pad16	2233	F_	0x81CD64
F_sbs29_pad17	2234	F_	0x81CD88
F_sbs29_pad18	2235	F_	0x81CDAC
F_sbs29_pad19	2236	F_	0x81CDD0
F_sbs29_pad20	2237	F_	0x81CDF4
F_sbs29_pad21	2238	F_	0x81CE18
F_sbs29_pad22	2239	F_	0x81CE3C
F_sbs29_pad23	2240	F_	0x81CE60
F_sbs29_pad24	2241	F_	0x81CE84
F_sbs29_pad25	2242	F_	0x81CEA8
F_sbs29_pad26	2243	F_	0x81CECC
F_sbs29_pad27	2244	F_	0x81CEF0
F_sbs29_pad28	2245	F_	0x81CF14
F_sbs29_pad29	2246	F_	0x81CF38
F_sbs29_pad30	2247	F_	0x81CF5C
F_sbs29_pad31	2248	F_	0x81CF80
F_sbs29_pad32	2249	F_	0x81CFA4
F_sbs29_pad33	2250	F_	0x81CFC8
F_sbs29_pad34	2251	F_	0x81CFEC
F_sbs29_pad35	2252	F_	0x81D010
F_sbs29_pad36	2253	F_	0x81D034
F_sbs29_pad37	2254	F_	0x81D058
F_sbs29_pad38	2255	F_	0x81D07C
F_sbs29_pad39	2256	F_	0x81D0A0
F_sbs29_pad40	2257	F_	0x81D0C4
F_sbs29_pad41	2258	F_	0x81D0E8
F_sbs30_top	2259	F_	0x81D10C
F_sbs30_pad00	2260	F_	0x81D130
F_sbs30_pad01	2261	F_	0x81D154
F_sbs30_pad02	2262	F_	0x81D178
F_sbs30_pad03	2263	F_	0x81D19C
F_sbs30_pad04	2264	F_	0x81D1C0
F_sbs30_pad05	2265	F_	0x81D1E4
F_sbs30_pad06	2266	F_	0x81D208
F_sbs30_pad07	2267	F_	0x81D22C
F_sbs30_pad08	2268	F_	0x81D250
F_sbs30_pad09	2269	F_	0x81D274
F_sbs30_pad10	2270	F_	0x81D298
F_sbs30_pad11	2271	F_	0x81D2BC
F_sbs30_pad12	2272	F_	0x81D2E0
F_sbs30_pad13	2273	F_	0x81D304
F_sbs30_pad14	2274	F_	0x81D328
F_sbs30_pad15	2275	F_	0x81D34C
F_sbs30_pad16	2276	F_	0x81D370
F_sbs30_pad17	2277	F_	0x81D394
F_sbs30_pad18	2278	F_	0x81D3B8
F_sbs30_pad19	2279	F_	0x81D3DC
F_sbs30_pad20	2280	F_	0x81D400
F_sbs30_pad21	2281	F_	0x81D424
F_sbs30_pad22	2282	F_	0x81D448
F_sbs30_pad23	2283	F_	0x81D46C
F_sbs30_pad24	2284	F_	0x81D490
F_sbs30_pad25	2285	F_	0x81D4B4
F_sbs30_pad26	2286	F_	0x81D4D8
F_sbs30_pad27	2287	F_	0x81D4FC
F_sbs30_pad28	2288	F_	0x81D520
F_sbs30_pad29	2289	F_	0x81D544
F_sbs30_pad30	2290	F_	0x81D568
F_sbs30_pad31	2291	F_	0x81D58C
F_sbs30_pad32	2292	F_	0x81D5B0
F_sbs30_pad33	2293	F_	0x81D5D4
F_sbs30_pad34	2294	F_	0x81D5F8
F_sbs30_pad35	2295	F_	0x81D61C
F_sbs30_pad36	2296	F_	0x81D640
F_sbs30_pad37	2297	F_	0x81D664
F_sbs30_pad38	2298	F_	0x81D688
F_sbs30_pad39	2299	F_	0x81D6AC
F_sbs30_pad40	2300	F_	0x81D6D0
F_sbs30_pad41	2301	F_	0x81D6F4
F_sbs31_top	2302	F_	0x81D718
F_sbs31_pad00	2303	F_	0x81D73C
F_sbs31_pad01	2304	F_	0x81D760
F_sbs31_pad02	2305	F_	0x81D784
F_sbs31_pad03	2306	F_	0x81D7A8
F_sbs31_pad04	2307	F_	0x81D7CC
F_sbs31_pad05	2308	F_	0x81D7F0
F_sbs31_pad06	2309	F_	0x81D814
F_sbs31_pad07	2310	F_	0x81D838
F_sbs31_pad08	2311	F_	0x81D85C
F_sbs31_pad09	2312	F_	0x81D880
F_sbs31_pad10	2313	F_	0x81D8A4
F_sbs31_pad11	2314	F_	0x81D8C8
F_sbs31_pad12	2315	F_	0x81D8EC
F_sbs31_pad13	2316	F_	0x81D910
F_sbs31_pad14	2317	F_	0x81D934
F_sbs31_pad15	2318	F_	0x81D958
F_sbs31_pad16	2319	F_	0x81D97C
F_sbs31_pad17	2320	F_	0x81D9A0
F_sbs31_pad18	2321	F_	0x81D9C4
F_sbs31_pad19	2322	F_	0x81D9E8
F_sbs31_pad20	2323	F_	0x81DA0C
F_sbs31_pad21	2324	F_	0x81DA30
F_sbs31_pad22	2325	F_	0x81DA54
F_sbs31_pad23	2326	F_	0x81DA78
F_sbs31_pad24	2327	F_	0x81DA9C
F_sbs31_pad25	2328	F_	0x81DAC0
F_sbs31_pad26	2329	F_	0x81DAE4
F_sbs31_pad27	2330	F_	0x81DB08
F_sbs31_pad28	2331	F_	0x81DB2C
F_sbs31_pad29	2332	F_	0x81DB50
F_sbs31_pad30	2333	F_	0x81DB74
F_sbs31_pad31	2334	F_	0x81DB98
F_sbs31_pad32	2335	F_	0x81DBBC
F_sbs31_pad33	2336	F_	0x81DBE0
F_sbs31_pad34	2337	F_	0x81DC04
F_sbs31_pad35	2338	F_	0x81DC28
F_sbs31_pad36	2339	F_	0x81DC4C
F_sbs31_pad37	2340	F_	0x81DC70
F_sbs31_pad38	2341	F_	0x81DC94
F_sbs31_pad39	2342	F_	0x81DCB8
F_sbs31_pad40	2343	F_	0x81DCDC
F_sbs31_pad41	2344	F_	0x81DD00
F_sbs32_top	2345	F_	0x81DD24
F_sbs32_pad00	2346	F_	0x81DD48
F_sbs32_pad01	2347	F_	0x81DD6C
F_sbs32_pad02	2348	F_	0x81DD90
F_sbs32_pad03	2349	F_	0x81DDB4
F_sbs32_pad04	2350	F_	0x81DDD8
F_sbs32_pad05	2351	F_	0x81DDFC
F_sbs32_pad06	2352	F_	0x81DE20
F_sbs32_pad07	2353	F_	0x81DE44
F_sbs32_pad08	2354	F_	0x81DE68
F_sbs32_pad09	2355	F_	0x81DE8C
F_sbs32_pad10	2356	F_	0x81DEB0
F_sbs32_pad11	2357	F_	0x81DED4
F_sbs32_pad12	2358	F_	0x81DEF8
F_sbs32_pad13	2359	F_	0x81DF1C
F_sbs32_pad14	2360	F_	0x81DF40
F_sbs32_pad15	2361	F_	0x81DF64
F_sbs32_pad16	2362	F_	0x81DF88
F_sbs32_pad17	2363	F_	0x81DFAC
F_sbs32_pad18	2364	F_	0x81DFD0
F_sbs32_pad19	2365	F_	0x81DFF4
F_sbs32_pad20	2366	F_	0x81E018
F_sbs32_pad21	2367	F_	0x81E03C
F_sbs32_pad22	2368	F_	0x81E060
F_sbs32_pad23	2369	F_	0x81E084
F_sbs32_pad24	2370	F_	0x81E0A8
F_sbs32_pad25	2371	F_	0x81E0CC
F_sbs32_pad26	2372	F_	0x81E0F0
F_sbs32_pad27	2373	F_	0x81E114
F_sbs32_pad28	2374	F_	0x81E138
F_sbs32_pad29	2375	F_	0x81E15C
F_sbs32_pad30	2376	F_	0x81E180
F_sbs32_pad31	2377	F_	0x81E1A4
F_sbs32_pad32	2378	F_	0x81E1C8
F_sbs32_pad33	2379	F_	0x81E1EC
F_sbs32_pad34	2380	F_	0x81E210
F_sbs32_pad35	2381	F_	0x81E234
F_sbs32_pad36	2382	F_	0x81E258
F_sbs32_pad37	2383	F_	0x81E27C
F_sbs32_pad38	2384	F_	0x81E2A0
F_sbs32_pad39	2385	F_	0x81E2C4
F_sbs32_pad40	2386	F_	0x81E2E8
F_sbs32_pad41	2387	F_	0x81E30C
F_sbs33_top	2388	F_	0x81E330
F_sbs33_pad00	2389	F_	0x81E354
F_sbs33_pad01	2390	F_	0x81E378
F_sbs33_pad02	2391	F_	0x81E39C
F_sbs33_pad03	2392	F_	0x81E3C0
F_sbs33_pad04	2393	F_	0x81E3E4
F_sbs33_pad05	2394	F_	0x81E408
F_sbs33_pad06	2395	F_	0x81E42C
F_sbs33_pad07	2396	F_	0x81E450
F_sbs33_pad08	2397	F_	0x81E474
F_sbs33_pad09	2398	F_	0x81E498
F_sbs33_pad10	2399	F_	0x81E4BC
F_sbs33_pad11	2400	F_	0x81E4E0
F_sbs33_pad12	2401	F_	0x81E504
F_sbs33_pad13	2402	F_	0x81E528
F_sbs33_pad14	2403	F_	0x81E54C
F_sbs33_pad15	2404	F_	0x81E570
F_sbs33_pad16	2405	F_	0x81E594
F_sbs33_pad17	2406	F_	0x81E5B8
F_sbs33_pad18	2407	F_	0x81E5DC
F_sbs33_pad19	2408	F_	0x81E600
F_sbs33_pad20	2409	F_	0x81E624
F_sbs33_pad21	2410	F_	0x81E648
F_sbs33_pad22	2411	F_	0x81E66C
F_sbs33_pad23	2412	F_	0x81E690
F_sbs33_pad24	2413	F_	0x81E6B4
F_sbs33_pad25	2414	F_	0x81E6D8
F_sbs33_pad26	2415	F_	0x81E6FC
F_sbs33_pad27	2416	F_	0x81E720
F_sbs33_pad28	2417	F_	0x81E744
F_sbs33_pad29	2418	F_	0x81E768
F_sbs33_pad30	2419	F_	0x81E78C
F_sbs33_pad31	2420	F_	0x81E7B0
F_sbs33_pad32	2421	F_	0x81E7D4
F_sbs33_pad33	2422	F_	0x81E7F8
F_sbs33_pad34	2423	F_	0x81E81C
F_sbs33_pad35	2424	F_	0x81E840
F_sbs33_pad36	2425	F_	0x81E864
F_sbs33_pad37	2426	F_	0x81E888
F_sbs33_pad38	2427	F_	0x81E8AC
F_sbs33_pad39	2428	F_	0x81E8D0
F_sbs33_pad40	2429	F_	0x81E8F4
F_sbs33_pad41	2430	F_	0x81E918
F_sbs34_top	2431	F_	0x81E93C
F_sbs34_pad00	2432	F_	0x81E960
F_sbs34_pad01	2433	F_	0x81E984
F_sbs34_pad02	2434	F_	0x81E9A8
F_sbs34_pad03	2435	F_	0x81E9CC
F_sbs34_pad04	2436	F_	0x81E9F0
F_sbs34_pad05	2437	F_	0x81EA14
F_sbs34_pad06	2438	F_	0x81EA38
F_sbs34_pad07	2439	F_	0x81EA5C
F_sbs34_pad08	2440	F_	0x81EA80
F_sbs34_pad09	2441	F_	0x81EAA4
F_sbs34_pad10	2442	F_	0x81EAC8
F_sbs34_pad11	2443	F_	0x81EAEC
F_sbs34_pad12	2444	F_	0x81EB10
F_sbs34_pad13	2445	F_	0x81EB34
F_sbs34_pad14	2446	F_	0x81EB58
F_sbs34_pad15	2447	F_	0x81EB7C
F_sbs34_pad16	2448	F_	0x81EBA0
F_sbs34_pad17	2449	F_	0x81EBC4
F_sbs34_pad18	2450	F_	0x81EBE8
F_sbs34_pad19	2451	F_	0x81EC0C
F_sbs34_pad20	2452	F_	0x81EC30
F_sbs34_pad21	2453	F_	0x81EC54
F_sbs34_pad22	2454	F_	0x81EC78
F_sbs34_pad23	2455	F_	0x81EC9C
F_sbs34_pad24	2456	F_	0x81ECC0
F_sbs34_pad25	2457	F_	0x81ECE4
F_sbs34_pad26	2458	F_	0x81ED08
F_sbs34_pad27	2459	F_	0x81ED2C
F_sbs34_pad28	2460	F_	0x81ED50
F_sbs34_pad29	2461	F_	0x81ED74
F_sbs34_pad30	2462	F_	0x81ED98
F_sbs34_pad31	2463	F_	0x81EDBC
F_sbs34_pad32	2464	F_	0x81EDE0
F_sbs34_pad33	2465	F_	0x81EE04
F_sbs34_pad34	2466	F_	0x81EE28
F_sbs34_pad35	2467	F_	0x81EE4C
F_sbs34_pad36	2468	F_	0x81EE70
F_sbs34_pad37	2469	F_	0x81EE94
F_sbs34_pad38	2470	F_	0x81EEB8
F_sbs34_pad39	2471	F_	0x81EEDC
F_sbs34_pad40	2472	F_	0x81EF00
F_sbs34_pad41	2473	F_	0x81EF24
F_sbs35_top	2474	F_	0x81EF48
F_sbs35_pad00	2475	F_	0x81EF6C
F_sbs35_pad01	2476	F_	0x81EF90
F_sbs35_pad02	2477	F_	0x81EFB4
F_sbs35_pad03	2478	F_	0x81EFD8
F_sbs35_pad04	2479	F_	0x81EFFC
F_sbs35_pad05	2480	F_	0x81F020
F_sbs35_pad06	2481	F_	0x81F044
F_sbs35_pad07	2482	F_	0x81F068
F_sbs35_pad08	2483	F_	0x81F08C
F_sbs35_pad09	2484	F_	0x81F0B0
F_sbs35_pad10	2485	F_	0x81F0D4
F_sbs35_pad11	2486	F_	0x81F0F8
F_sbs35_pad12	2487	F_	0x81F11C
F_sbs35_pad13	2488	F_	0x81F140
F_sbs35_pad14	2489	F_	0x81F164
F_sbs35_pad15	2490	F_	0x81F188
F_sbs35_pad16	2491	F_	0x81F1AC
F_sbs35_pad17	2492	F_	0x81F1D0
F_sbs35_pad18	2493	F_	0x81F1F4
F_sbs35_pad19	2494	F_	0x81F218
F_sbs35_pad20	2495	F_	0x81F23C
F_sbs35_pad21	2496	F_	0x81F260
F_sbs35_pad22	2497	F_	0x81F284
F_sbs35_pad23	2498	F_	0x81F2A8
F_sbs35_pad24	2499	F_	0x81F2CC
F_sbs35_pad25	2500	F_	0x81F2F0
F_sbs35_pad26	2501	F_	0x81F314
F_sbs35_pad27	2502	F_	0x81F338
F_sbs35_pad28	2503	F_	0x81F35C
F_sbs35_pad29	2504	F_	0x81F380
F_sbs35_pad30	2505	F_	0x81F3A4
F_sbs35_pad31	2506	F_	0x81F3C8
F_sbs35_pad32	2507	F_	0x81F3EC
F_sbs35_pad33	2508	F_	0x81F410
F_sbs35_pad34	2509	F_	0x81F434
F_sbs35_pad35	2510	F_	0x81F458
F_sbs35_pad36	2511	F_	0x81F47C
F_sbs35_pad37	2512	F_	0x81F4A0
F_sbs35_pad38	2513	F_	0x81F4C4
F_sbs35_pad39	2514	F_	0x81F4E8
F_sbs35_pad40	2515	F_	0x81F50C
F_sbs35_pad41	2516	F_	0x81F530
F_sbs36_top	2517	F_	0x81F554
F_sbs36_pad00	2518	F_	0x81F578
F_sbs36_pad01	2519	F_	0x81F59C
F_sbs36_pad02	2520	F_	0x81F5C0
F_sbs36_pad03	2521	F_	0x81F5E4
F_sbs36_pad04	2522	F_	0x81F608
F_sbs36_pad05	2523	F_	0x81F62C
F_sbs36_pad06	2524	F_	0x81F650
F_sbs36_pad07	2525	F_	0x81F674
F_sbs36_pad08	2526	F_	0x81F698
F_sbs36_pad09	2527	F_	0x81F6BC
F_sbs36_pad10	2528	F_	0x81F6E0
F_sbs36_pad11	2529	F_	0x81F704
F_sbs36_pad12	2530	F_	0x81F728
F_sbs36_pad13	2531	F_	0x81F74C
F_sbs36_pad14	2532	F_	0x81F770
F_sbs36_pad15	2533	F_	0x81F794
F_sbs36_pad16	2534	F_	0x81F7B8
F_sbs36_pad17	2535	F_	0x81F7DC
F_sbs36_pad18	2536	F_	0x81F800
F_sbs36_pad19	2537	F_	0x81F824
F_sbs36_pad20	2538	F_	0x81F848
F_sbs36_pad21	2539	F_	0x81F86C
F_sbs36_pad22	2540	F_	0x81F890
F_sbs36_pad23	2541	F_	0x81F8B4
F_sbs36_pad24	2542	F_	0x81F8D8
F_sbs36_pad25	2543	F_	0x81F8FC
F_sbs36_pad26	2544	F_	0x81F920
F_sbs36_pad27	2545	F_	0x81F944
F_sbs36_pad28	2546	F_	0x81F968
F_sbs36_pad29	2547	F_	0x81F98C
F_sbs36_pad30	2548	F_	0x81F9B0
F_sbs36_pad31	2549	F_	0x81F9D4
F_sbs36_pad32	2550	F_	0x81F9F8
F_sbs36_pad33	2551	F_	0x81FA1C
F_sbs36_pad34	2552	F_	0x81FA40
F_sbs36_pad35	2553	F_	0x81FA64
F_sbs36_pad36	2554	F_	0x81FA88
F_sbs36_pad37	2555	F_	0x81FAAC
F_sbs36_pad38	2556	F_	0x81FAD0
F_sbs36_pad39	2557	F_	0x81FAF4
F_sbs36_pad40	2558	F_	0x81FB18
F_sbs36_pad41	2559	F_	0x81FB3C
F_sbs37_top	2560	F_	0x81FB60
F_sbs37_pad00	2561	F_	0x81FB84
F_sbs37_pad01	2562	F_	0x81FBA8
F_sbs37_pad02	2563	F_	0x81FBCC
F_sbs37_pad03	2564	F_	0x81FBF0
F_sbs37_pad04	2565	F_	0x81FC14
F_sbs37_pad05	2566	F_	0x81FC38
F_sbs37_pad06	2567	F_	0x81FC5C
F_sbs37_pad07	2568	F_	0x81FC80
F_sbs37_pad08	2569	F_	0x81FCA4
F_sbs37_pad09	2570	F_	0x81FCC8
F_sbs37_pad10	2571	F_	0x81FCEC
F_sbs37_pad11	2572	F_	0x81FD10
F_sbs37_pad12	2573	F_	0x81FD34
F_sbs37_pad13	2574	F_	0x81FD58
F_sbs37_pad14	2575	F_	0x81FD7C
F_sbs37_pad15	2576	F_	0x81FDA0
F_sbs37_pad16	2577	F_	0x81FDC4
F_sbs37_pad17	2578	F_	0x81FDE8
F_sbs37_pad18	2579	F_	0x81FE0C
F_sbs37_pad19	2580	F_	0x81FE30
F_sbs37_pad20	2581	F_	0x81FE54
F_sbs37_pad21	2582	F_	0x81FE78
F_sbs37_pad22	2583	F_	0x81FE9C
F_sbs37_pad23	2584	F_	0x81FEC0
F_sbs37_pad24	2585	F_	0x81FEE4
F_sbs37_pad25	2586	F_	0x81FF08
F_sbs37_pad26	2587	F_	0x81FF2C
F_sbs37_pad27	2588	F_	0x81FF50
F_sbs37_pad28	2589	F_	0x81FF74
F_sbs37_pad29	2590	F_	0x81FF98
F_sbs37_pad30	2591	F_	0x81FFBC
F_sbs37_pad31	2592	F_	0x81FFE0
F_sbs37_pad32	2593	F_	0x820004
F_sbs37_pad33	2594	F_	0x820028
F_sbs37_pad34	2595	F_	0x82004C
F_sbs37_pad35	2596	F_	0x820070
F_sbs37_pad36	2597	F_	0x820094
F_sbs37_pad37	2598	F_	0x8200B8
F_sbs37_pad38	2599	F_	0x8200DC
F_sbs37_pad39	2600	F_	0x820100
F_sbs37_pad40	2601	F_	0x820124
F_sbs37_pad41	2602	F_	0x820148
F_sbs38_top	2603	F_	0x82016C
F_sbs38_pad00	2604	F_	0x820190
F_sbs38_pad01	2605	F_	0x8201B4
F_sbs38_pad02	2606	F_	0x8201D8
F_sbs38_pad03	2607	F_	0x8201FC
F_sbs38_pad04	2608	F_	0x820220
F_sbs38_pad05	2609	F_	0x820244
F_sbs38_pad06	2610	F_	0x820268
F_sbs38_pad07	2611	F_	0x82028C
F_sbs38_pad08	2612	F_	0x8202B0
F_sbs38_pad09	2613	F_	0x8202D4
F_sbs38_pad10	2614	F_	0x8202F8
F_sbs38_pad11	2615	F_	0x82031C
F_sbs38_pad12	2616	F_	0x820340
F_sbs38_pad13	2617	F_	0x820364
F_sbs38_pad14	2618	F_	0x820388
F_sbs38_pad15	2619	F_	0x8203AC
F_sbs38_pad16	2620	F_	0x8203D0
F_sbs38_pad17	2621	F_	0x8203F4
F_sbs38_pad18	2622	F_	0x820418
F_sbs38_pad19	2623	F_	0x82043C
F_sbs38_pad20	2624	F_	0x820460
F_sbs38_pad21	2625	F_	0x820484
F_sbs38_pad22	2626	F_	0x8204A8
F_sbs38_pad23	2627	F_	0x8204CC
F_sbs38_pad24	2628	F_	0x8204F0
F_sbs38_pad25	2629	F_	0x820514
F_sbs38_pad26	2630	F_	0x820538
F_sbs38_pad27	2631	F_	0x82055C
F_sbs38_pad28	2632	F_	0x820580
F_sbs38_pad29	2633	F_	0x8205A4
F_sbs38_pad30	2634	F_	0x8205C8
F_sbs38_pad31	2635	F_	0x8205EC
F_sbs38_pad32	2636	F_	0x820610
F_sbs38_pad33	2637	F_	0x820634
F_sbs38_pad34	2638	F_	0x820658
F_sbs38_pad35	2639	F_	0x82067C
F_sbs38_pad36	2640	F_	0x8206A0
F_sbs38_pad37	2641	F_	0x8206C4
F_sbs38_pad38	2642	F_	0x8206E8
F_sbs38_pad39	2643	F_	0x82070C
F_sbs38_pad40	2644	F_	0x820730
F_sbs38_pad41	2645	F_	0x820754
F_sbs39_top	2646	F_	0x820778
F_sbs39_pad00	2647	F_	0x82079C
F_sbs39_pad01	2648	F_	0x8207C0
F_sbs39_pad02	2649	F_	0x8207E4
F_sbs39_pad03	2650	F_	0x820808
F_sbs39_pad04	2651	F_	0x82082C
F_sbs39_pad05	2652	F_	0x820850
F_sbs39_pad06	2653	F_	0x820874
F_sbs39_pad07	2654	F_	0x820898
F_sbs39_pad08	2655	F_	0x8208BC
F_sbs39_pad09	2656	F_	0x8208E0
F_sbs39_pad10	2657	F_	0x820904
F_sbs39_pad11	2658	F_	0x820928
F_sbs39_pad12	2659	F_	0x82094C
F_sbs39_pad13	2660	F_	0x820970
F_sbs39_pad14	2661	F_	0x820994
F_sbs39_pad15	2662	F_	0x8209B8
F_sbs39_pad16	2663	F_	0x8209DC
F_sbs39_pad17	2664	F_	0x820A00
F_sbs39_pad18	2665	F_	0x820A24
F_sbs39_pad19	2666	F_	0x820A48
F_sbs39_pad20	2667	F_	0x820A6C
F_sbs39_pad21	2668	F_	0x820A90
F_sbs39_pad22	2669	F_	0x820AB4
F_sbs39_pad23	2670	F_	0x820AD8
F_sbs39_pad24	2671	F_	0x820AFC
F_sbs39_pad25	2672	F_	0x820B20
F_sbs39_pad26	2673	F_	0x820B44
F_sbs39_pad27	2674	F_	0x820B68
F_sbs39_pad28	2675	F_	0x820B8C
F_sbs39_pad29	2676	F_	0x820BB0
F_sbs39_pad30	2677	F_	0x820BD4
F_sbs39_pad31	2678	F_	0x820BF8
F_sbs39_pad32	2679	F_	0x820C1C
F_sbs39_pad33	2680	F_	0x820C40
F_sbs39_pad34	2681	F_	0x820C64
F_sbs39_pad35	2682	F_	0x820C88
F_sbs39_pad36	2683	F_	0x820CAC
F_sbs39_pad37	2684	F_	0x820CD0
F_sbs39_pad38	2685	F_	0x820CF4
F_sbs39_pad39	2686	F_	0x820D18
F_sbs39_pad40	2687	F_	0x820D3C
F_sbs39_pad41	2688	F_	0x820D60
F_sbs40_top	2689	F_	0x820D84
F_sbs40_pad00	2690	F_	0x820DA8
F_sbs40_pad01	2691	F_	0x820DCC
F_sbs40_pad02	2692	F_	0x820DF0
F_sbs40_pad03	2693	F_	0x820E14
F_sbs40_pad04	2694	F_	0x820E38
F_sbs40_pad05	2695	F_	0x820E5C
F_sbs40_pad06	2696	F_	0x820E80
F_sbs40_pad07	2697	F_	0x820EA4
F_sbs40_pad08	2698	F_	0x820EC8
F_sbs40_pad09	2699	F_	0x820EEC
F_sbs40_pad10	2700	F_	0x820F10
F_sbs40_pad11	2701	F_	0x820F34
F_sbs40_pad12	2702	F_	0x820F58
F_sbs40_pad13	2703	F_	0x820F7C
F_sbs40_pad14	2704	F_	0x820FA0
F_sbs40_pad15	2705	F_	0x820FC4
F_sbs40_pad16	2706	F_	0x820FE8
F_sbs40_pad17	2707	F_	0x82100C
F_sbs40_pad18	2708	F_	0x821030
F_sbs40_pad19	2709	F_	0x821054
F_sbs40_pad20	2710	F_	0x821078
F_sbs40_pad21	2711	F_	0x82109C
F_sbs40_pad22	2712	F_	0x8210C0
F_sbs40_pad23	2713	F_	0x8210E4
F_sbs40_pad24	2714	F_	0x821108
F_sbs40_pad25	2715	F_	0x82112C
F_sbs40_pad26	2716	F_	0x821150
F_sbs40_pad27	2717	F_	0x821174
F_sbs40_pad28	2718	F_	0x821198
F_sbs40_pad29	2719	F_	0x8211BC
F_sbs40_pad30	2720	F_	0x8211E0
F_sbs40_pad31	2721	F_	0x821204
F_sbs40_pad32	2722	F_	0x821228
F_sbs40_pad33	2723	F_	0x82124C
F_sbs40_pad34	2724	F_	0x821270
F_sbs40_pad35	2725	F_	0x821294
F_sbs40_pad36	2726	F_	0x8212B8
F_sbs40_pad37	2727	F_	0x8212DC
F_sbs40_pad38	2728	F_	0x821300
F_sbs40_pad39	2729	F_	0x821324
F_sbs40_pad40	2730	F_	0x821348
F_sbs40_pad41	2731	F_	0x82136C
F_sbs41_top	2732	F_	0x821390
F_sbs41_pad00	2733	F_	0x8213B4
F_sbs41_pad01	2734	F_	0x8213D8
F_sbs41_pad02	2735	F_	0x8213FC
F_sbs41_pad03	2736	F_	0x821420
F_sbs41_pad04	2737	F_	0x821444
F_sbs41_pad05	2738	F_	0x821468
F_sbs41_pad06	2739	F_	0x82148C
F_sbs41_pad07	2740	F_	0x8214B0
F_sbs41_pad08	2741	F_	0x8214D4
F_sbs41_pad09	2742	F_	0x8214F8
F_sbs41_pad10	2743	F_	0x82151C
F_sbs41_pad11	2744	F_	0x821540
F_sbs41_pad12	2745	F_	0x821564
F_sbs41_pad13	2746	F_	0x821588
F_sbs41_pad14	2747	F_	0x8215AC
F_sbs41_pad15	2748	F_	0x8215D0
F_sbs41_pad16	2749	F_	0x8215F4
F_sbs41_pad17	2750	F_	0x821618
F_sbs41_pad18	2751	F_	0x82163C
F_sbs41_pad19	2752	F_	0x821660
F_sbs41_pad20	2753	F_	0x821684
F_sbs41_pad21	2754	F_	0x8216A8
F_sbs41_pad22	2755	F_	0x8216CC
F_sbs41_pad23	2756	F_	0x8216F0
F_sbs41_pad24	2757	F_	0x821714
F_sbs41_pad25	2758	F_	0x821738
F_sbs41_pad26	2759	F_	0x82175C
F_sbs41_pad27	2760	F_	0x821780
F_sbs41_pad28	2761	F_	0x8217A4
F_sbs41_pad29	2762	F_	0x8217C8
F_sbs41_pad30	2763	F_	0x8217EC
F_sbs41_pad31	2764	F_	0x821810
F_sbs41_pad32	2765	F_	0x821834
F_sbs41_pad33	2766	F_	0x821858
F_sbs41_pad34	2767	F_	0x82187C
F_sbs41_pad35	2768	F_	0x8218A0
F_sbs41_pad36	2769	F_	0x8218C4
F_sbs41_pad37	2770	F_	0x8218E8
F_sbs41_pad38	2771	F_	0x82190C
F_sbs41_pad39	2772	F_	0x821930
F_sbs41_pad40	2773	F_	0x821954
F_sbs41_pad41	2774	F_	0x821978
F_sbs42_top	2775	F_	0x82199C
F_sbs42_pad00	2776	F_	0x8219C0
F_sbs42_pad01	2777	F_	0x8219E4
F_sbs42_pad02	2778	F_	0x821A08
F_sbs42_pad03	2779	F_	0x821A2C
F_sbs42_pad04	2780	F_	0x821A50
F_sbs42_pad05	2781	F_	0x821A74
F_sbs42_pad06	2782	F_	0x821A98
F_sbs42_pad07	2783	F_	0x821ABC
F_sbs42_pad08	2784	F_	0x821AE0
F_sbs42_pad09	2785	F_	0x821B04
F_sbs42_pad10	2786	F_	0x821B28
F_sbs42_pad11	2787	F_	0x821B4C
F_sbs42_pad12	2788	F_	0x821B70
F_sbs42_pad13	2789	F_	0x821B94
F_sbs42_pad14	2790	F_	0x821BB8
F_sbs42_pad15	2791	F_	0x821BDC
F_sbs42_pad16	2792	F_	0x821C00
F_sbs42_pad17	2793	F_	0x821C24
F_sbs42_pad18	2794	F_	0x821C48
F_sbs42_pad19	2795	F_	0x821C6C
F_sbs42_pad20	2796	F_	0x821C90
F_sbs42_pad21	2797	F_	0x821CB4
F_sbs42_pad22	2798	F_	0x821CD8
F_sbs42_pad23	2799	F_	0x821CFC
F_sbs42_pad24	2800	F_	0x821D20
F_sbs42_pad25	2801	F_	0x821D44
F_sbs42_pad26	2802	F_	0x821D68
F_sbs42_pad27	2803	F_	0x821D8C
F_sbs42_pad28	2804	F_	0x821DB0
F_sbs42_pad29	2805	F_	0x821DD4
F_sbs42_pad30	2806	F_	0x821DF8
F_sbs42_pad31	2807	F_	0x821E1C
F_sbs42_pad32	2808	F_	0x821E40
F_sbs42_pad33	2809	F_	0x821E64
F_sbs42_pad34	2810	F_	0x821E88
F_sbs42_pad35	2811	F_	0x821EAC
F_sbs42_pad36	2812	F_	0x821ED0
F_sbs42_pad37	2813	F_	0x821EF4
F_sbs42_pad38	2814	F_	0x821F18
F_sbs42_pad39	2815	F_	0x821F3C
F_sbs42_pad40	2816	F_	0x821F60
F_sbs42_pad41	2817	F_	0x821F84
F_sbs43_top	2818	F_	0x821FA8
F_sbs43_pad00	2819	F_	0x821FCC
F_sbs43_pad01	2820	F_	0x821FF0
F_sbs43_pad02	2821	F_	0x822014
F_sbs43_pad03	2822	F_	0x822038
F_sbs43_pad04	2823	F_	0x82205C
F_sbs43_pad05	2824	F_	0x822080
F_sbs43_pad06	2825	F_	0x8220A4
F_sbs43_pad07	2826	F_	0x8220C8
F_sbs43_pad08	2827	F_	0x8220EC
F_sbs43_pad09	2828	F_	0x822110
F_sbs43_pad10	2829	F_	0x822134
F_sbs43_pad11	2830	F_	0x822158
F_sbs43_pad12	2831	F_	0x82217C
F_sbs43_pad13	2832	F_	0x8221A0
F_sbs43_pad14	2833	F_	0x8221C4
F_sbs43_pad15	2834	F_	0x8221E8
F_sbs43_pad16	2835	F_	0x82220C
F_sbs43_pad17	2836	F_	0x822230
F_sbs43_pad18	2837	F_	0x822254
F_sbs43_pad19	2838	F_	0x822278
F_sbs43_pad20	2839	F_	0x82229C
F_sbs43_pad21	2840	F_	0x8222C0
F_sbs43_pad22	2841	F_	0x8222E4
F_sbs43_pad23	2842	F_	0x822308
F_sbs43_pad24	2843	F_	0x82232C
F_sbs43_pad25	2844	F_	0x822350
F_sbs43_pad26	2845	F_	0x822374
F_sbs43_pad27	2846	F_	0x822398
F_sbs43_pad28	2847	F_	0x8223BC
F_sbs43_pad29	2848	F_	0x8223E0
F_sbs43_pad30	2849	F_	0x822404
F_sbs43_pad31	2850	F_	0x822428
F_sbs43_pad32	2851	F_	0x82244C
F_sbs43_pad33	2852	F_	0x822470
F_sbs43_pad34	2853	F_	0x822494
F_sbs43_pad35	2854	F_	0x8224B8
F_sbs43_pad36	2855	F_	0x8224DC
F_sbs43_pad37	2856	F_	0x822500
F_sbs43_pad38	2857	F_	0x822524
F_sbs43_pad39	2858	F_	0x822548
F_sbs43_pad40	2859	F_	0x82256C
F_sbs43_pad41	2860	F_	0x822590
F_sbs44_top	2861	F_	0x8225B4
F_sbs44_pad00	2862	F_	0x8225D8
F_sbs44_pad01	2863	F_	0x8225FC
F_sbs44_pad02	2864	F_	0x822620
F_sbs44_pad03	2865	F_	0x822644
F_sbs44_pad04	2866	F_	0x822668
F_sbs44_pad05	2867	F_	0x82268C
F_sbs44_pad06	2868	F_	0x8226B0
F_sbs44_pad07	2869	F_	0x8226D4
F_sbs44_pad08	2870	F_	0x8226F8
F_sbs44_pad09	2871	F_	0x82271C
F_sbs44_pad10	2872	F_	0x822740
F_sbs44_pad11	2873	F_	0x822764
F_sbs44_pad12	2874	F_	0x822788
F_sbs44_pad13	2875	F_	0x8227AC
F_sbs44_pad14	2876	F_	0x8227D0
F_sbs44_pad15	2877	F_	0x8227F4
F_sbs44_pad16	2878	F_	0x822818
F_sbs44_pad17	2879	F_	0x82283C
F_sbs44_pad18	2880	F_	0x822860
F_sbs44_pad19	2881	F_	0x822884
F_sbs44_pad20	2882	F_	0x8228A8
F_sbs44_pad21	2883	F_	0x8228CC
F_sbs44_pad22	2884	F_	0x8228F0
F_sbs44_pad23	2885	F_	0x822914
F_sbs44_pad24	2886	F_	0x822938
F_sbs44_pad25	2887	F_	0x82295C
F_sbs44_pad26	2888	F_	0x822980
F_sbs44_pad27	2889	F_	0x8229A4
F_sbs44_pad28	2890	F_	0x8229C8
F_sbs44_pad29	2891	F_	0x8229EC
F_sbs44_pad30	2892	F_	0x822A10
F_sbs44_pad31	2893	F_	0x822A34
F_sbs44_pad32	2894	F_	0x822A58
F_sbs44_pad33	2895	F_	0x822A7C
F_sbs44_pad34	2896	F_	0x822AA0
F_sbs44_pad35	2897	F_	0x822AC4
F_sbs44_pad36	2898	F_	0x822AE8
F_sbs44_pad37	2899	F_	0x822B0C
F_sbs44_pad38	2900	F_	0x822B30
F_sbs44_pad39	2901	F_	0x822B54
F_sbs44_pad40	2902	F_	0x822B78
F_sbs44_pad41	2903	F_	0x822B9C
F_sbs45_top	2904	F_	0x822BC0
F_sbs45_pad00	2905	F_	0x822BE4
F_sbs45_pad01	2906	F_	0x822C08
F_sbs45_pad02	2907	F_	0x822C2C
F_sbs45_pad03	2908	F_	0x822C50
F_sbs45_pad04	2909	F_	0x822C74
F_sbs45_pad05	2910	F_	0x822C98
F_sbs45_pad06	2911	F_	0x822CBC
F_sbs45_pad07	2912	F_	0x822CE0
F_sbs45_pad08	2913	F_	0x822D04
F_sbs45_pad09	2914	F_	0x822D28
F_sbs45_pad10	2915	F_	0x822D4C
F_sbs45_pad11	2916	F_	0x822D70
F_sbs45_pad12	2917	F_	0x822D94
F_sbs45_pad13	2918	F_	0x822DB8
F_sbs45_pad14	2919	F_	0x822DDC
F_sbs45_pad15	2920	F_	0x822E00
F_sbs45_pad16	2921	F_	0x822E24
F_sbs45_pad17	2922	F_	0x822E48
F_sbs45_pad18	2923	F_	0x822E6C
F_sbs45_pad19	2924	F_	0x822E90
F_sbs45_pad20	2925	F_	0x822EB4
F_sbs45_pad21	2926	F_	0x822ED8
F_sbs45_pad22	2927	F_	0x822EFC
F_sbs45_pad23	2928	F_	0x822F20
F_sbs45_pad24	2929	F_	0x822F44
F_sbs45_pad25	2930	F_	0x822F68
F_sbs45_pad26	2931	F_	0x822F8C
F_sbs45_pad27	2932	F_	0x822FB0
F_sbs45_pad28	2933	F_	0x822FD4
F_sbs45_pad29	2934	F_	0x822FF8
F_sbs45_pad30	2935	F_	0x82301C
F_sbs45_pad31	2936	F_	0x823040
F_sbs45_pad32	2937	F_	0x823064
F_sbs45_pad33	2938	F_	0x823088
F_sbs45_pad34	2939	F_	0x8230AC
F_sbs45_pad35	2940	F_	0x8230D0
F_sbs45_pad36	2941	F_	0x8230F4
F_sbs45_pad37	2942	F_	0x823118
F_sbs45_pad38	2943	F_	0x82313C
F_sbs45_pad39	2944	F_	0x823160
F_sbs45_pad40	2945	F_	0x823184
F_sbs45_pad41	2946	F_	0x8231A8
F_sbs46_top	2947	F_	0x8231CC
F_sbs46_pad00	2948	F_	0x8231F0
F_sbs46_pad01	2949	F_	0x823214
F_sbs46_pad02	2950	F_	0x823238
F_sbs46_pad03	2951	F_	0x82325C
F_sbs46_pad04	2952	F_	0x823280
F_sbs46_pad05	2953	F_	0x8232A4
F_sbs46_pad06	2954	F_	0x8232C8
F_sbs46_pad07	2955	F_	0x8232EC
F_sbs46_pad08	2956	F_	0x823310
F_sbs46_pad09	2957	F_	0x823334
F_sbs46_pad10	2958	F_	0x823358
F_sbs46_pad11	2959	F_	0x82337C
F_sbs46_pad12	2960	F_	0x8233A0
F_sbs46_pad13	2961	F_	0x8233C4
F_sbs46_pad14	2962	F_	0x8233E8
F_sbs46_pad15	2963	F_	0x82340C
F_sbs46_pad16	2964	F_	0x823430
F_sbs46_pad17	2965	F_	0x823454
F_sbs46_pad18	2966	F_	0x823478
F_sbs46_pad19	2967	F_	0x82349C
F_sbs46_pad20	2968	F_	0x8234C0
F_sbs46_pad21	2969	F_	0x8234E4
F_sbs46_pad22	2970	F_	0x823508
F_sbs46_pad23	2971	F_	0x82352C
F_sbs46_pad24	2972	F_	0x823550
F_sbs46_pad25	2973	F_	0x823574
F_sbs46_pad26	2974	F_	0x823598
F_sbs46_pad27	2975	F_	0x8235BC
F_sbs46_pad28	2976	F_	0x8235E0
F_sbs46_pad29	2977	F_	0x823604
F_sbs46_pad30	2978	F_	0x823628
F_sbs46_pad31	2979	F_	0x82364C
F_sbs46_pad32	2980	F_	0x823670
F_sbs46_pad33	2981	F_	0x823694
F_sbs46_pad34	2982	F_	0x8236B8
F_sbs46_pad35	2983	F_	0x8236DC
F_sbs46_pad36	2984	F_	0x823700
F_sbs46_pad37	2985	F_	0x823724
F_sbs46_pad38	2986	F_	0x823748
F_sbs46_pad39	2987	F_	0x82376C
F_sbs46_pad40	2988	F_	0x823790
F_sbs46_pad41	2989	F_	0x8237B4
F_sbs47_top	2990	F_	0x8237D8
F_sbs47_pad00	2991	F_	0x8237FC
F_sbs47_pad01	2992	F_	0x823820
F_sbs47_pad02	2993	F_	0x823844
F_sbs47_pad03	2994	F_	0x823868
F_sbs47_pad04	2995	F_	0x82388C
F_sbs47_pad05	2996	F_	0x8238B0
F_sbs47_pad06	2997	F_	0x8238D4
F_sbs47_pad07	2998	F_	0x8238F8
F_sbs47_pad08	2999	F_	0x82391C
F_sbs47_pad09	3000	F_	0x823940
F_sbs47_pad10	3001	F_	0x823964
F_sbs47_pad11	3002	F_	0x823988
F_sbs47_pad12	3003	F_	0x8239AC
F_sbs47_pad13	3004	F_	0x8239D0
F_sbs47_pad14	3005	F_	0x8239F4
F_sbs47_pad15	3006	F_	0x823A18
F_sbs47_pad16	3007	F_	0x823A3C
F_sbs47_pad17	3008	F_	0x823A60
F_sbs47_pad18	3009	F_	0x823A84
F_sbs47_pad19	3010	F_	0x823AA8
F_sbs47_pad20	3011	F_	0x823ACC
F_sbs47_pad21	3012	F_	0x823AF0
F_sbs47_pad22	3013	F_	0x823B14
F_sbs47_pad23	3014	F_	0x823B38
F_sbs47_pad24	3015	F_	0x823B5C
F_sbs47_pad25	3016	F_	0x823B80
F_sbs47_pad26	3017	F_	0x823BA4
F_sbs47_pad27	3018	F_	0x823BC8
F_sbs47_pad28	3019	F_	0x823BEC
F_sbs47_pad29	3020	F_	0x823C10
F_sbs47_pad30	3021	F_	0x823C34
F_sbs47_pad31	3022	F_	0x823C58
F_sbs47_pad32	3023	F_	0x823C7C
F_sbs47_pad33	3024	F_	0x823CA0
F_sbs47_pad34	3025	F_	0x823CC4
F_sbs47_pad35	3026	F_	0x823CE8
F_sbs47_pad36	3027	F_	0x823D0C
F_sbs47_pad37	3028	F_	0x823D30
F_sbs47_pad38	3029	F_	0x823D54
F_sbs47_pad39	3030	F_	0x823D78
F_sbs47_pad40	3031	F_	0x823D9C
F_sbs47_pad41	3032	F_	0x823DC0
F_sbs48_top	3033	F_	0x823DE4
F_sbs48_pad00	3034	F_	0x823E08
F_sbs48_pad01	3035	F_	0x823E2C
F_sbs48_pad02	3036	F_	0x823E50
F_sbs48_pad03	3037	F_	0x823E74
F_sbs48_pad04	3038	F_	0x823E98
F_sbs48_pad05	3039	F_	0x823EBC
F_sbs48_pad06	3040	F_	0x823EE0
F_sbs48_pad07	3041	F_	0x823F04
F_sbs48_pad08	3042	F_	0x823F28
F_sbs48_pad09	3043	F_	0x823F4C
F_sbs48_pad10	3044	F_	0x823F70
F_sbs48_pad11	3045	F_	0x823F94
F_sbs48_pad12	3046	F_	0x823FB8
F_sbs48_pad13	3047	F_	0x823FDC
F_sbs48_pad14	3048	F_	0x824000
F_sbs48_pad15	3049	F_	0x824024
F_sbs48_pad16	3050	F_	0x824048
F_sbs48_pad17	3051	F_	0x82406C
F_sbs48_pad18	3052	F_	0x824090
F_sbs48_pad19	3053	F_	0x8240B4
F_sbs48_pad20	3054	F_	0x8240D8
F_sbs48_pad21	3055	F_	0x8240FC
F_sbs48_pad22	3056	F_	0x824120
F_sbs48_pad23	3057	F_	0x824144
F_sbs48_pad24	3058	F_	0x824168
F_sbs48_pad25	3059	F_	0x82418C
F_sbs48_pad26	3060	F_	0x8241B0
F_sbs48_pad27	3061	F_	0x8241D4
F_sbs48_pad28	3062	F_	0x8241F8
F_sbs48_pad29	3063	F_	0x82421C
F_sbs48_pad30	3064	F_	0x824240
F_sbs48_pad31	3065	F_	0x824264
F_sbs48_pad32	3066	F_	0x824288
F_sbs48_pad33	3067	F_	0x8242AC
F_sbs48_pad34	3068	F_	0x8242D0
F_sbs48_pad35	3069	F_	0x8242F4
F_sbs48_pad36	3070	F_	0x824318
F_sbs48_pad37	3071	F_	0x82433C
F_sbs48_pad38	3072	F_	0x824360
F_sbs48_pad39	3073	F_	0x824384
F_sbs48_pad40	3074	F_	0x8243A8
F_sbs48_pad41	3075	F_	0x8243CC
F_sbs49_top	3076	F_	0x8243F0
F_sbs49_pad00	3077	F_	0x824414
F_sbs49_pad01	3078	F_	0x824438
F_sbs49_pad02	3079	F_	0x82445C
F_sbs49_pad03	3080	F_	0x824480
F_sbs49_pad04	3081	F_	0x8244A4
F_sbs49_pad05	3082	F_	0x8244C8
F_sbs49_pad06	3083	F_	0x8244EC
F_sbs49_pad07	3084	F_	0x824510
F_sbs49_pad08	3085	F_	0x824534
F_sbs49_pad09	3086	F_	0x824558
F_sbs49_pad10	3087	F_	0x82457C
F_sbs49_pad11	3088	F_	0x8245A0
F_sbs49_pad12	3089	F_	0x8245C4
F_sbs49_pad13	3090	F_	0x8245E8
F_sbs49_pad14	3091	F_	0x82460C
F_sbs49_pad15	3092	F_	0x824630
F_sbs49_pad16	3093	F_	0x824654
F_sbs49_pad17	3094	F_	0x824678
F_sbs49_pad18	3095	F_	0x82469C
F_sbs49_pad19	3096	F_	0x8246C0
F_sbs49_pad20	3097	F_	0x8246E4
F_sbs49_pad21	3098	F_	0x824708
F_sbs49_pad22	3099	F_	0x82472C
F_sbs49_pad23	3100	F_	0x824750
F_sbs49_pad24	3101	F_	0x824774
F_sbs49_pad25	3102	F_	0x824798
F_sbs49_pad26	3103	F_	0x8247BC
F_sbs49_pad27	3104	F_	0x8247E0
F_sbs49_pad28	3105	F_	0x824804
F_sbs49_pad29	3106	F_	0x824828
F_sbs49_pad30	3107	F_	0x82484C
F_sbs49_pad31	3108	F_	0x824870
F_sbs49_pad32	3109	F_	0x824894
F_sbs49_pad33	3110	F_	0x8248B8
F_sbs49_pad34	3111	F_	0x8248DC
F_sbs49_pad35	3112	F_	0x824900
F_sbs49_pad36	3113	F_	0x824924
F_sbs49_pad37	3114	F_	0x824948
F_sbs49_pad38	3115	F_	0x82496C
F_sbs49_pad39	3116	F_	0x824990
F_sbs49_pad40	3117	F_	0x8249B4
F_sbs49_pad41	3118	F_	0x8249D8
F_sbs50_top	3119	F_	0x8249FC
F_sbs50_pad00	3120	F_	0x824A20
F_sbs50_pad01	3121	F_	0x824A44
F_sbs50_pad02	3122	F_	0x824A68
F_sbs50_pad03	3123	F_	0x824A8C
F_sbs50_pad04	3124	F_	0x824AB0
F_sbs50_pad05	3125	F_	0x824AD4
F_sbs50_pad06	3126	F_	0x824AF8
F_sbs50_pad07	3127	F_	0x824B1C
F_sbs50_pad08	3128	F_	0x824B40
F_sbs50_pad09	3129	F_	0x824B64
F_sbs50_pad10	3130	F_	0x824B88
F_sbs50_pad11	3131	F_	0x824BAC
F_sbs50_pad12	3132	F_	0x824BD0
F_sbs50_pad13	3133	F_	0x824BF4
F_sbs50_pad14	3134	F_	0x824C18
F_sbs50_pad15	3135	F_	0x824C3C
F_sbs50_pad16	3136	F_	0x824C60
F_sbs50_pad17	3137	F_	0x824C84
F_sbs50_pad18	3138	F_	0x824CA8
F_sbs50_pad19	3139	F_	0x824CCC
F_sbs50_pad20	3140	F_	0x824CF0
F_sbs50_pad21	3141	F_	0x824D14
F_sbs50_pad22	3142	F_	0x824D38
F_sbs50_pad23	3143	F_	0x824D5C
F_sbs50_pad24	3144	F_	0x824D80
F_sbs50_pad25	3145	F_	0x824DA4
F_sbs50_pad26	3146	F_	0x824DC8
F_sbs50_pad27	3147	F_	0x824DEC
F_sbs50_pad28	3148	F_	0x824E10
F_sbs50_pad29	3149	F_	0x824E34
F_sbs50_pad30	3150	F_	0x824E58
F_sbs50_pad31	3151	F_	0x824E7C
F_sbs50_pad32	3152	F_	0x824EA0
F_sbs50_pad33	3153	F_	0x824EC4
F_sbs50_pad34	3154	F_	0x824EE8
F_sbs50_pad35	3155	F_	0x824F0C
F_sbs50_pad36	3156	F_	0x824F30
F_sbs50_pad37	3157	F_	0x824F54
F_sbs50_pad38	3158	F_	0x824F78
F_sbs50_pad39	3159	F_	0x824F9C
F_sbs50_pad40	3160	F_	0x824FC0
F_sbs50_pad41	3161	F_	0x824FE4
F_sbs51_top	3162	F_	0x825008
F_sbs51_pad00	3163	F_	0x82502C
F_sbs51_pad01	3164	F_	0x825050
F_sbs51_pad02	3165	F_	0x825074
F_sbs51_pad03	3166	F_	0x825098
F_sbs51_pad04	3167	F_	0x8250BC
F_sbs51_pad05	3168	F_	0x8250E0
F_sbs51_pad06	3169	F_	0x825104
F_sbs51_pad07	3170	F_	0x825128
F_sbs51_pad08	3171	F_	0x82514C
F_sbs51_pad09	3172	F_	0x825170
F_sbs51_pad10	3173	F_	0x825194
F_sbs51_pad11	3174	F_	0x8251B8
F_sbs51_pad12	3175	F_	0x8251DC
F_sbs51_pad13	3176	F_	0x825200
F_sbs51_pad14	3177	F_	0x825224
F_sbs51_pad15	3178	F_	0x825248
F_sbs51_pad16	3179	F_	0x82526C
F_sbs51_pad17	3180	F_	0x825290
F_sbs51_pad18	3181	F_	0x8252B4
F_sbs51_pad19	3182	F_	0x8252D8
F_sbs51_pad20	3183	F_	0x8252FC
F_sbs51_pad21	3184	F_	0x825320
F_sbs51_pad22	3185	F_	0x825344
F_sbs51_pad23	3186	F_	0x825368
F_sbs51_pad24	3187	F_	0x82538C
F_sbs51_pad25	3188	F_	0x8253B0
F_sbs51_pad26	3189	F_	0x8253D4
F_sbs51_pad27	3190	F_	0x8253F8
F_sbs51_pad28	3191	F_	0x82541C
F_sbs51_pad29	3192	F_	0x825440
F_sbs51_pad30	3193	F_	0x825464
F_sbs51_pad31	3194	F_	0x825488
F_sbs51_pad32	3195	F_	0x8254AC
F_sbs51_pad33	3196	F_	0x8254D0
F_sbs51_pad34	3197	F_	0x8254F4
F_sbs51_pad35	3198	F_	0x825518
F_sbs51_pad36	3199	F_	0x82553C
F_sbs51_pad37	3200	F_	0x825560
F_sbs51_pad38	3201	F_	0x825584
F_sbs51_pad39	3202	F_	0x8255A8
F_sbs51_pad40	3203	F_	0x8255CC
F_sbs51_pad41	3204	F_	0x8255F0
F_sbs52_top	3205	F_	0x825614
F_sbs52_pad00	3206	F_	0x825638
F_sbs52_pad01	3207	F_	0x82565C
F_sbs52_pad02	3208	F_	0x825680
F_sbs52_pad03	3209	F_	0x8256A4
F_sbs52_pad04	3210	F_	0x8256C8
F_sbs52_pad05	3211	F_	0x8256EC
F_sbs52_pad06	3212	F_	0x825710
F_sbs52_pad07	3213	F_	0x825734
F_sbs52_pad08	3214	F_	0x825758
F_sbs52_pad09	3215	F_	0x82577C
F_sbs52_pad10	3216	F_	0x8257A0
F_sbs52_pad11	3217	F_	0x8257C4
F_sbs52_pad12	3218	F_	0x8257E8
F_sbs52_pad13	3219	F_	0x82580C
F_sbs52_pad14	3220	F_	0x825830
F_sbs52_pad15	3221	F_	0x825854
F_sbs52_pad16	3222	F_	0x825878
F_sbs52_pad17	3223	F_	0x82589C
F_sbs52_pad18	3224	F_	0x8258C0
F_sbs52_pad19	3225	F_	0x8258E4
F_sbs52_pad20	3226	F_	0x825908
F_sbs52_pad21	3227	F_	0x82592C
F_sbs52_pad22	3228	F_	0x825950
F_sbs52_pad23	3229	F_	0x825974
F_sbs52_pad24	3230	F_	0x825998
F_sbs52_pad25	3231	F_	0x8259BC
F_sbs52_pad26	3232	F_	0x8259E0
F_sbs52_pad27	3233	F_	0x825A04
F_sbs52_pad28	3234	F_	0x825A28
F_sbs52_pad29	3235	F_	0x825A4C
F_sbs52_pad30	3236	F_	0x825A70
F_sbs52_pad31	3237	F_	0x825A94
F_sbs52_pad32	3238	F_	0x825AB8
F_sbs52_pad33	3239	F_	0x825ADC
F_sbs52_pad34	3240	F_	0x825B00
F_sbs52_pad35	3241	F_	0x825B24
F_sbs52_pad36	3242	F_	0x825B48
F_sbs52_pad37	3243	F_	0x825B6C
F_sbs52_pad38	3244	F_	0x825B90
F_sbs52_pad39	3245	F_	0x825BB4
F_sbs52_pad40	3246	F_	0x825BD8
F_sbs52_pad41	3247	F_	0x825BFC
F_sbs53_top	3248	F_	0x825C20
F_sbs53_pad00	3249	F_	0x825C44
F_sbs53_pad01	3250	F_	0x825C68
F_sbs53_pad02	3251	F_	0x825C8C
F_sbs53_pad03	3252	F_	0x825CB0
F_sbs53_pad04	3253	F_	0x825CD4
F_sbs53_pad05	3254	F_	0x825CF8
F_sbs53_pad06	3255	F_	0x825D1C
F_sbs53_pad07	3256	F_	0x825D40
F_sbs53_pad08	3257	F_	0x825D64
F_sbs53_pad09	3258	F_	0x825D88
F_sbs53_pad10	3259	F_	0x825DAC
F_sbs53_pad11	3260	F_	0x825DD0
F_sbs53_pad12	3261	F_	0x825DF4
F_sbs53_pad13	3262	F_	0x825E18
F_sbs53_pad14	3263	F_	0x825E3C
F_sbs53_pad15	3264	F_	0x825E60
F_sbs53_pad16	3265	F_	0x825E84
F_sbs53_pad17	3266	F_	0x825EA8
F_sbs53_pad18	3267	F_	0x825ECC
F_sbs53_pad19	3268	F_	0x825EF0
F_sbs53_pad20	3269	F_	0x825F14
F_sbs53_pad21	3270	F_	0x825F38
F_sbs53_pad22	3271	F_	0x825F5C
F_sbs53_pad23	3272	F_	0x825F80
F_sbs53_pad24	3273	F_	0x825FA4
F_sbs53_pad25	3274	F_	0x825FC8
F_sbs53_pad26	3275	F_	0x825FEC
F_sbs53_pad27	3276	F_	0x826010
F_sbs53_pad28	3277	F_	0x826034
F_sbs53_pad29	3278	F_	0x826058
F_sbs53_pad30	3279	F_	0x82607C
F_sbs53_pad31	3280	F_	0x8260A0
F_sbs53_pad32	3281	F_	0x8260C4
F_sbs53_pad33	3282	F_	0x8260E8
F_sbs53_pad34	3283	F_	0x82610C
F_sbs53_pad35	3284	F_	0x826130
F_sbs53_pad36	3285	F_	0x826154
F_sbs53_pad37	3286	F_	0x826178
F_sbs53_pad38	3287	F_	0x82619C
F_sbs53_pad39	3288	F_	0x8261C0
F_sbs53_pad40	3289	F_	0x8261E4
F_sbs53_pad41	3290	F_	0x826208
F_sbs54_top	3291	F_	0x82622C
F_sbs54_pad00	3292	F_	0x826250
F_sbs54_pad01	3293	F_	0x826274
F_sbs54_pad02	3294	F_	0x826298
F_sbs54_pad03	3295	F_	0x8262BC
F_sbs54_pad04	3296	F_	0x8262E0
F_sbs54_pad05	3297	F_	0x826304
F_sbs54_pad06	3298	F_	0x826328
F_sbs54_pad07	3299	F_	0x82634C
F_sbs54_pad08	3300	F_	0x826370
F_sbs54_pad09	3301	F_	0x826394
F_sbs54_pad10	3302	F_	0x8263B8
F_sbs54_pad11	3303	F_	0x8263DC
F_sbs54_pad12	3304	F_	0x826400
F_sbs54_pad13	3305	F_	0x826424
F_sbs54_pad14	3306	F_	0x826448
F_sbs54_pad15	3307	F_	0x82646C
F_sbs54_pad16	3308	F_	0x826490
F_sbs54_pad17	3309	F_	0x8264B4
F_sbs54_pad18	3310	F_	0x8264D8
F_sbs54_pad19	3311	F_	0x8264FC
F_sbs54_pad20	3312	F_	0x826520
F_sbs54_pad21	3313	F_	0x826544
F_sbs54_pad22	3314	F_	0x826568
F_sbs54_pad23	3315	F_	0x82658C
F_sbs54_pad24	3316	F_	0x8265B0
F_sbs54_pad25	3317	F_	0x8265D4
F_sbs54_pad26	3318	F_	0x8265F8
F_sbs54_pad27	3319	F_	0x82661C
F_sbs54_pad28	3320	F_	0x826640
F_sbs54_pad29	3321	F_	0x826664
F_sbs54_pad30	3322	F_	0x826688
F_sbs54_pad31	3323	F_	0x8266AC
F_sbs54_pad32	3324	F_	0x8266D0
F_sbs54_pad33	3325	F_	0x8266F4
F_sbs54_pad34	3326	F_	0x826718
F_sbs54_pad35	3327	F_	0x82673C
F_sbs54_pad36	3328	F_	0x826760
F_sbs54_pad37	3329	F_	0x826784
F_sbs54_pad38	3330	F_	0x8267A8
F_sbs54_pad39	3331	F_	0x8267CC
F_sbs54_pad40	3332	F_	0x8267F0
F_sbs54_pad41	3333	F_	0x826814
F_sbs55_top	3334	F_	0x826838
F_sbs55_pad00	3335	F_	0x82685C
F_sbs55_pad01	3336	F_	0x826880
F_sbs55_pad02	3337	F_	0x8268A4
F_sbs55_pad03	3338	F_	0x8268C8
F_sbs55_pad04	3339	F_	0x8268EC
F_sbs55_pad05	3340	F_	0x826910
F_sbs55_pad06	3341	F_	0x826934
F_sbs55_pad07	3342	F_	0x826958
F_sbs55_pad08	3343	F_	0x82697C
F_sbs55_pad09	3344	F_	0x8269A0
F_sbs55_pad10	3345	F_	0x8269C4
F_sbs55_pad11	3346	F_	0x8269E8
F_sbs55_pad12	3347	F_	0x826A0C
F_sbs55_pad13	3348	F_	0x826A30
F_sbs55_pad14	3349	F_	0x826A54
F_sbs55_pad15	3350	F_	0x826A78
F_sbs55_pad16	3351	F_	0x826A9C
F_sbs55_pad17	3352	F_	0x826AC0
F_sbs55_pad18	3353	F_	0x826AE4
F_sbs55_pad19	3354	F_	0x826B08
F_sbs55_pad20	3355	F_	0x826B2C
F_sbs55_pad21	3356	F_	0x826B50
F_sbs55_pad22	3357	F_	0x826B74
F_sbs55_pad23	3358	F_	0x826B98
F_sbs55_pad24	3359	F_	0x826BBC
F_sbs55_pad25	3360	F_	0x826BE0
F_sbs55_pad26	3361	F_	0x826C04
F_sbs55_pad27	3362	F_	0x826C28
F_sbs55_pad28	3363	F_	0x826C4C
F_sbs55_pad29	3364	F_	0x826C70
F_sbs55_pad30	3365	F_	0x826C94
F_sbs55_pad31	3366	F_	0x826CB8
F_sbs55_pad32	3367	F_	0x826CDC
F_sbs55_pad33	3368	F_	0x826D00
F_sbs55_pad34	3369	F_	0x826D24
F_sbs55_pad35	3370	F_	0x826D48
F_sbs55_pad36	3371	F_	0x826D6C
F_sbs55_pad37	3372	F_	0x826D90
F_sbs55_pad38	3373	F_	0x826DB4
F_sbs55_pad39	3374	F_	0x826DD8
F_sbs55_pad40	3375	F_	0x826DFC
F_sbs55_pad41	3376	F_	0x826E20
Ftt_top	3377	Ftt_	0x826E44
Ftt_pad01	3378	Ftt_	0x826E68
Ftt_pad02	3379	Ftt_	0x826E8C
Ftt_pad03	3380	Ftt_	0x826EB0
Ftt_pad04	3381	Ftt_	0x826ED4
Ftt_pad05	3382	Ftt_	0x826EF8
Ftt_pad06	3383	Ftt_	0x826F1C
Ftt_pad07	3384	Ftt_	0x826F40
Ftt_pad08	3385	Ftt_	0x826F64
Ftt_pad09	3386	Ftt_	0x826F88
Ftt_pad10	3387	Ftt_	0x826FAC
Ftt_pad11	3388	Ftt_	0x826FD0
Ftt_pad12	3389	Ftt_	0x826FF4
Ftt_pad13	3390	Ftt_	0x827018
Ftt_pad14	3391	Ftt_	0x82703C
Ftt_pad15	3392	Ftt_	0x827060
Ftt_pad16	3393	Ftt_	0x827084
Ftt_pad17	3394	Ftt_	0x8270A8
Ftt_pad18	3395	Ftt_	0x8270CC
Ftt_pad19	3396	Ftt_	0x8270F0
Ftt_pad20	3397	Ftt_	0x827114
Ftt_pad21	3398	Ftt_	0x827138
Ftt_pad22	3399	Ftt_	0x82715C
Ftt_pad23	3400	Ftt_	0x827180
Ftt_pad24	3401	Ftt_	0x8271A4
Ftt_pad25	3402	Ftt_	0x8271C8
Ftt_pad26	3403	Ftt_	0x8271EC
Ftt_pad27	3404	Ftt_	0x827210
Ftt_pad28	3405	Ftt_	0x827234
Ftt_pad29	3406	Ftt_	0x827258
Ftt_pad30	3407	Ftt_	0x82727C
Ftt_pad31	3408	Ftt_	0x8272A0
Ftt_pad32	3409	Ftt_	0x8272C4
Ftt_pad33	3410	Ftt_	0x8272E8
Ftt_pad34	3411	Ftt_	0x82730C
Ftt_pad35	3412	Ftt_	0x827330
Ftt_pad36	3413	Ftt_	0x827354
Ftt_pad37	3414	Ftt_	0x827378
Ftt_pad38	3415	Ftt_	0x82739C
Ftt_pad39	3416	Ftt_	0x8273C0
Ftt_pad40	3417	Ftt_	0x8273E4
Ftt_pad41	3418	Ftt_	0x827408
Ftt_pad42	3419	Ftt_	0x82742C
Ftt_pad43	3420	Ftt_	0x827450
Ftt_pad44	3421	Ftt_	0x827474
Ftt_pad45	3422	Ftt_	0x827498
Ftt_pad46	3423	Ftt_	0x8274BC
Ftt_pad47	3424	Ftt_	0x8274E0
Ftt_pad48	3425	Ftt_	0x827504
Ftt_pad49	3426	Ftt_	0x827528
Ftt_pad50	3427	Ftt_	0x82754C
Ftt_pad51	3428	Ftt_	0x827570
Ftt_pad52	3429	Ftt_	0x827594
Ftt_pad53	3430	Ftt_	0x8275B8
Ftt_pad54	3431	Ftt_	0x8275DC
Ftt_pad55	3432	Ftt_	0x827600
Ftt_pad56	3433	Ftt_	0x827624
Ftt_pad57	3434	Ftt_	0x827648
Ftt_pad58	3435	Ftt_	0x82766C
Ftt_pad59	3436	Ftt_	0x827690
Ftt_pad60	3437	Ftt_	0x8276B4
Ftt_pad61	3438	Ftt_	0x8276D8
Ftt_pad62	3439	Ftt_	0x8276FC
Ftt_pad63	3440	Ftt_	0x827720
Ftt_pad64	3441	Ftt_	0x827744
Ftt_pad65	3442	Ftt_	0x827768
Ftt_pad66	3443	Ftt_	0x82778C
Ftt_pad67	3444	Ftt_	0x8277B0
Ftt_pad68	3445	Ftt_	0x8277D4
Ftt_pad69	3446	Ftt_	0x8277F8
Ftt_pad70	3447	Ftt_	0x82781C
Ftt_pad71	3448	Ftt_	0x827840
Ftt_pad72	3449	Ftt_	0x827864
Ftt_pad73	3450	Ftt_	0x827888
Ftt_pad74	3451	Ftt_	0x8278AC
Ftt_pad75	3452	Ftt_	0x8278D0
Ftt_pad76	3453	Ftt_	0x8278F4
Ftt_pad77	3454	Ftt_	0x827918
Ftt_pad78	3455	Ftt_	0x82793C
Ftt_pad79	3456	Ftt_	0x827960
Ftt_pad80	3457	Ftt_	0x827984
Ftt_pad81	3458	Ftt_	0x8279A8
Ftt_pad82	3459	Ftt_	0x8279CC
Ftt_pad83	3460	Ftt_	0x8279F0
Ftt_pad84	3461	Ftt_	0x827A14
Ftt_pad85	3462	Ftt_	0x827A38
Ftt_pad86	3463	Ftt_	0x827A5C
Ftt_pad87	3464	Ftt_	0x827A80
Ftt_pad88	3465	Ftt_	0x827AA4
Ftt_pad89	3466	Ftt_	0x827AC8
Ftt_pad90	3467	Ftt_	0x827AEC
Ftt_pad91	3468	Ftt_	0x827B10
Ftt_pad92	3469	Ftt_	0x827B34
Ftt_pad93	3470	Ftt_	0x827B58
Ftt_pad94	3471	Ftt_	0x827B7C
Ftt_pad95	3472	Ftt_	0x827BA0
Ftt_pad96	3473	Ftt_	0x827BC4
Ftt_pad97	3474	Ftt_	0x827BE8
Ftt_pad98	3475	Ftt_	0x827C0C
Ftt_pad99	3476	Ftt_	0x827C30
Ftt_pad100	3477	Ftt_	0x827C54
Ftt_pad102	3478	Ftt_	0x827C78
Ftt_pad103	3479	Ftt_	0x827C9C
Ftt_pad104	3480	Ftt_	0x827CC0
Ftt_pad105	3481	Ftt_	0x827CE4
Ftt_pad106	3482	Ftt_	0x827D08
Ftt_pad107	3483	Ftt_	0x827D2C
Ftt_pad108	3484	Ftt_	0x827D50
Ftt_pad109	3485	Ftt_	0x827D74
Ftt_pad110	3486	Ftt_	0x827D98
Ftt_pad111	3487	Ftt_	0x827DBC
Ftt_pad112	3488	Ftt_	0x827DE0
Ftt_pad113	3489	Ftt_	0x827E04
Ftt_pad114	3490	Ftt_	0x827E28
Ftt_pad115	3491	Ftt_	0x827E4C
Ftt_pad116	3492	Ftt_	0x827E70
Ftt_pad117	3493	Ftt_	0x827E94
Ftt_pad118	3494	Ftt_	0x827EB8
Ftt_pad119	3495	Ftt_	0x827EDC
Ftt_pad120	3496	Ftt_	0x827F00
Ftt_pad121	3497	Ftt_	0x827F24
Ftt_pad122	3498	Ftt_	0x827F48
Ftt_pad123	3499	Ftt_	0x827F6C
Ftt_pad124	3500	Ftt_	0x827F90
Ftt_pad125	3501	Ftt_	0x827FB4
Ftt_pad126	3502	Ftt_	0x827FD8
Ftt_pad127	3503	Ftt_	0x827FFC
Ftt_pad128	3504	Ftt_	0x828020
Ftt_pad129	3505	Ftt_	0x828044
Ftt_pad130	3506	Ftt_	0x828068
Ftt_pad131	3507	Ftt_	0x82808C
Ftt_pad132	3508	Ftt_	0x8280B0
Ftt_pad133	3509	Ftt_	0x8280D4
Ftt_pad134	3510	Ftt_	0x8280F8
Ftt_pad135	3511	Ftt_	0x82811C
Ftt_pad136	3512	Ftt_	0x828140
Ftt_pad137	3513	Ftt_	0x828164
Ftt_pad138	3514	Ftt_	0x828188
Ftt_pad139	3515	Ftt_	0x8281AC
Ftt_pad140	3516	Ftt_	0x8281D0
Ftt_pad141	3517	Ftt_	0x8281F4
Ftt_pad142	3518	Ftt_	0x828218
Ftt_pad143	3519	Ftt_	0x82823C
Ftt_pad144	3520	Ftt_	0x828260
Ftt_pad145	3521	Ftt_	0x828284
Ftt_pad146	3522	Ftt_	0x8282A8
Ftt_pad147	3523	Ftt_	0x8282CC
Ftt_pad148	3524	Ftt_	0x8282F0
Ftt_pad149	3525	Ftt_	0x828314
Ftt_pad150	3526	Ftt_	0x828338
Ftt_pad151	3527	Ftt_	0x82835C
Ftt_pad152	3528	Ftt_	0x828380
Ftt_pad153	3529	Ftt_	0x8283A4
Ftt_pad154	3530	Ftt_	0x8283C8
Ftt_pad155	3531	Ftt_	0x8283EC
Ftt_pad156	3532	Ftt_	0x828410
Ftt_pad157	3533	Ftt_	0x828434
Ftt_pad158	3534	Ftt_	0x828458
Ftt_pad159	3535	Ftt_	0x82847C
Ftt_pad160	3536	Ftt_	0x8284A0
Ftt_pad161	3537	Ftt_	0x8284C4
Ftt_pad162	3538	Ftt_	0x8284E8
Ftt_pad163	3539	Ftt_	0x82850C
Ftt_pad164	3540	Ftt_	0x828530
Ftt_pad165	3541	Ftt_	0x828554
Ftt_pad166	3542	Ftt_	0x828578
Ftt_pad167	3543	Ftt_	0x82859C
Ftt_pad168	3544	Ftt_	0x8285C0
Ftt_pad169	3545	Ftt_	0x8285E4
Ftt_pad170	3546	Ftt_	0x828608
Ftt_pad171	3547	Ftt_	0x82862C
Ftt_pad172	3548	Ftt_	0x828650
Ftt_pad173	3549	Ftt_	0x828674
Ftt_pad174	3550	Ftt_	0x828698
Ftt_pad175	3551	Ftt_	0x8286BC
Ftt_pad176	3552	Ftt_	0x8286E0
Ftt_pad177	3553	Ftt_	0x828704
Ftt_pad178	3554	Ftt_	0x828728
Ftt_pad179	3555	Ftt_	0x82874C
Ftt_pad180	3556	Ftt_	0x828770
Ftt_pad181	3557	Ftt_	0x828794
Ftt_pad182	3558	Ftt_	0x8287B8
Ftt_pad183	3559	Ftt_	0x8287DC
Ftt_pad184	3560	Ftt_	0x828800
Ftt_pad185	3561	Ftt_	0x828824
Ftt_pad186	3562	Ftt_	0x828848
Ftt_pad187	3563	Ftt_	0x82886C
Ftt_pad188	3564	Ftt_	0x828890
Ftt_pad189	3565	Ftt_	0x8288B4
Ftt_pad190	3566	Ftt_	0x8288D8
Ftt_pad191	3567	Ftt_	0x8288FC
Ftt_pad192	3568	Ftt_	0x828920
Ftt_pad193	3569	Ftt_	0x828944
Ftt_pad194	3570	Ftt_	0x828968
Ftt_pad195	3571	Ftt_	0x82898C
Ftt_pad196	3572	Ftt_	0x8289B0
Ftt_pad197	3573	Ftt_	0x8289D4
Ftt_pad198	3574	Ftt_	0x8289F8
Ftt_pad199	3575	Ftt_	0x828A1C
F_casino_bibian_cnt	3576	F_	0x828A40
Fr_casino_bibian_trg	3577	Fr_	0x828A64
Fr_first_romi	3578	Fr_	0x828A88
Fr_first_obaba	3579	Fr_	0x828AAC
F_first_fon	3580	F_	0x828AD0
Fc_shospital_first	4000	Fc_	0x828AF4
F_shospital_first	4001	F_	0x828B18
Fr_shospital_first_hush	4002	Fr_	0x828B3C
F_shospital_first_hush	4003	F_	0x828B60
Fr_shospital_end	4004	Fr_	0x828B84
Fr_shospital_00	4005	Fr_	0x828BA8
Fr_shospital_01	4006	Fr_	0x828BCC
Fr_shospital_02	4007	Fr_	0x828BF0
F_shospital_build	4008	F_	0x828C14
Fr_shospital_pad05	4009	Fr_	0x828C38
Fr_shospital_pad06	4010	Fr_	0x828C5C
Fr_hospital_scene02	4011	Fr_	0x828C80
Fr_hospital_scene03	4012	Fr_	0x828CA4
Fr_hospital_scene04	4013	Fr_	0x828CC8
Fr_hospital_scene05	4014	Fr_	0x828CEC
Fr_hospital_scene06	4015	Fr_	0x828D10
Fr_hospital_scene07	4016	Fr_	0x828D34
Fr_hospital_naoruru	4017	Fr_	0x828D58
Fr_hospital_scene07_2	4018	Fr_	0x828D7C
Fr_hospital_scene08	4019	Fr_	0x828DA0
Fr_hospital_scene09	4020	Fr_	0x828DC4
Fr_hospital_scene00	4021	Fr_	0x828DE8
Fr_hospital_scene01	4022	Fr_	0x828E0C
F_hos_first_cheriru	4023	F_	0x828E30
F_hos_first_hush	4024	F_	0x828E54
Fc_cheriru	4025	Fc_	0x828E78
F_cheriru	4026	F_	0x828E9C
F_cheriru_cnt	4027	F_	0x828EC0
F_chriru_hospital_trg	4028	F_	0x828EE4
Fr_cheriru_scene00	4029	Fr_	0x828F08
Fr_cheriru_scene01	4030	Fr_	0x828F2C
Fr_cheriru_scene02	4031	Fr_	0x828F50
Fr_cheriru_scene03	4032	Fr_	0x828F74
Fr_cheriru_scene04	4033	Fr_	0x828F98
Fr_cheriru_scene05	4034	Fr_	0x828FBC
Fr_cheriru_scene06	4035	Fr_	0x828FE0
Fr_cheriru_scene07	4036	Fr_	0x829004
Fr_cheriru_scene08	4037	Fr_	0x829028
Fr_cheriru_scene09	4038	Fr_	0x82904C
F_cheriru_scene00_trg00	4039	F_	0x829070
F_cheriru_scene00_trg01	4040	F_	0x829094
Fr_cheriru_scene00_in	4041	Fr_	0x8290B8
Fc_cheriru_first_cheriru	4042	Fc_	0x8290DC
F_cheriru_first_cheriru	4043	F_	0x829100
Fc_cheriru_first_nadia	4044	Fc_	0x829124
F_cheriru_first_nadia	4045	F_	0x829148
F_cheriru_scene01_cheriru00	4046	F_	0x82916C
F_cheriru_scene01	4047	F_	0x829190
Fr_cheriru_scene11	4048	Fr_	0x8291B4
Fr_cheriru_scene02_in	4049	Fr_	0x8291D8
F_cheriru_scene02_trg	4050	F_	0x8291FC
F_chriru_mode_home	4051	F_	0x829220
Fr_cheriru_pad27	4052	Fr_	0x829244
Fr_cheriru_pad28	4053	Fr_	0x829268
Fr_cheriru_pad29	4054	Fr_	0x82928C
Fr_cheriru_pad30	4055	Fr_	0x8292B0
P_cheriru_cheriru	0	P_	0x8292D4
P_cheriru_nadia	1	P_	0x8292F8
P_cheriru_in	2	P_	0x82931C
Ft_cheril_minikita	4056	Ft_	0x829340
Fr_hospital_scene10	4057	Fr_	0x829364
Ft_name_to_cheril	4058	Ft_	0x829388
F_cheriru_first_nadia2	4059	F_	0x8293AC
F_cheriru_scene02_0	4060	F_	0x8293D0
F_oyako_genka	4061	F_	0x8293F4
F_sb24_door_dummy	4062	F_	0x829418
F_sb24_nd_dummy0	4063	F_	0x82943C
Fo_cheril	4064	Fo_	0x829460
Ft_cheril_teate	4065	Ft_	0x829484
Ft_nyu	4066	Ft_	0x8294A8
F_taiin	4067	F_	0x8294CC
Ft_tai	4068	Ft_	0x8294F0
F_gosh0000	4069	F_	0x829514
F_kangofu	4070	F_	0x829538
F_first_nurse_event	4071	F_	0x82955C
F_cheril_orei	4072	F_	0x829580
Frg_vivian_fine	4200	Frg_	0x8295A4
F_engei_go_pool	4201	F_	0x8295C8
F_bar_top	4490	F_	0x8295EC
F_bar_pad01	4491	F_	0x829610
F_bar_pad02	4492	F_	0x829634
F_bar_pad03	4493	F_	0x829658
F_bar_pad04	4494	F_	0x82967C
F_bar_pad05	4495	F_	0x8296A0
F_bar_pad06	4496	F_	0x8296C4
F_bar_pad07	4497	F_	0x8296E8
F_bar_pad08	4498	F_	0x82970C
F_bar_pad09	4499	F_	0x829730
F_bar_pad10	4500	F_	0x829754
F_bar_pad11	4501	F_	0x829778
F_bar_pad12	4502	F_	0x82979C
F_sell_mizu_medaru	4600	F_	0x8297C0
F_wata_talk	4601	F_	0x8297E4
Fp_niko_kenkatyu	4602	Fp_	0x829808
Fp_far_kenkatyu	4603	Fp_	0x82982C
Fp_pool_open	4604	Fp_	0x829850
Fp_cheriru_kangofu	4605	Fp_	0x829874
Fp_bibian_pool	4606	Fp_	0x829898
Fp_mia_pool	4607	Fp_	0x8298BC
Fp_bibian_pool_event	4608	Fp_	0x8298E0
Fp_mia_pool_event	4609	Fp_	0x829904
F_player_mizugi	4610	F_	0x829928
F_hal_build	4800	F_	0x82994C
F_hal_cansel	4801	F_	0x829970
F_engei_build	4802	F_	0x829994
F_funsui_sound	4803	F_	0x8299B8
F_set_mascot1	4804	F_	0x8299DC
F_set_mascot2	4805	F_	0x829A00
F_okami_give_cape	4806	F_	0x829A24
F_casino_build	4807	F_	0x829A48
F_gym_build	4808	F_	0x829A6C
F_playland_build	4809	F_	0x829A90
F_bowling_build	4810	F_	0x829AB4
F_takoyaki_morau	4811	F_	0x829AD8
F_selfy_dungeon_tasuketa	5000	F_	0x829AFC
F_veldil_dungeon_deatta	5001	F_	0x829B20
F_selfy_dungeon_tasukenai	5002	F_	0x829B44
F_selfy_all_talk_dungeon	5003	F_	0x829B68
F_selfy_all_talk_dungeon_c	5004	F_	0x829B8C
F_selfy_all_talk_dungeon5	5005	F_	0x829BB0
F_selfy_dungeon_tasukerareta	5006	F_	0x829BD4
F_selfy_dungeon_kenka_a	5007	F_	0x829BF8
F_selfy_dungeon_kenka_b	5008	F_	0x829C1C
F_veld_kill	5009	F_	0x829C40
F_qyun_misuteta	5010	F_	0x829C64
F_sb13_niko_step1	5200	F_	0x829C88
F_sb34_00	5201	F_	0x829CAC
F_s04_niko_step	5202	F_	0x829CD0
F_niko_kenka	5203	F_	0x829CF4
F_niko_selro	5204	F_	0x829D18
F_niko_selro_asa	5205	F_	0x829D3C
F_selro_start	5206	F_	0x829D60
F_slefy_all_talk_town	5207	F_	0x829D84
F_s34_sero_start	5208	F_	0x829DA8
F_s34_sero_quickstart	5209	F_	0x829DCC
F_selfy_dungeon_ok	5210	F_	0x829DF0
F_selfy_get_tamago	5211	F_	0x829E14
F_05_niko_and_gosh	5212	F_	0x829E38
F_sero_end	5213	F_	0x829E5C
Ftt_fkoya_isaku_scene00_first	5214	Ftt_	0x829E80
Ftt_fkoya_isaku_scene00_ok	5215	Ftt_	0x829EA4
Ftt_fkoya_isaku_scene01_ok	5216	Ftt_	0x829EC8
Ft_s07_mia_bikou_start	5217	Ft_	0x829EEC
Ft_s07_mia_bikou_end	5218	Ft_	0x829F10
F_s24_door_open	5219	F_	0x829F34
F_s24_end	5220	F_	0x829F58
F_xxxxxxxxxx	5221	F_	0x829F7C
F_build_ok_gym	5222	F_	0x829FA0
F_build_ok_lib	5223	F_	0x829FC4
F_build_ok_bow	5224	F_	0x829FE8
F_build_ok_sta	5225	F_	0x82A00C
F_build_ok_hos	5226	F_	0x82A030
F_build_ok_sho	5227	F_	0x82A054
F_mama_ret_first	5228	F_	0x82A078
Ft_niko_new	5229	Ft_	0x82A09C
Ft_niko_love	5230	Ft_	0x82A0C0
Ft_far_new	5231	Ft_	0x82A0E4
Ft_far_love	5232	Ft_	0x82A108
Ft_selfy_new	5233	Ft_	0x82A12C
Ft_selfy_love	5234	Ft_	0x82A150
Ft_mia_new	5235	Ft_	0x82A174
Ft_mia_love	5236	Ft_	0x82A198
Ft_vivian_new	5237	Ft_	0x82A1BC
Ft_vivian_love	5238	Ft_	0x82A1E0
Ft_cheriru_new	5239	Ft_	0x82A204
Ft_cheriru_love	5240	Ft_	0x82A228
Ft_paty_new	5241	Ft_	0x82A24C
Ft_paty_love	5242	Ft_	0x82A270
Ft_menu_pad00	5243	Ft_	0x82A294
Ft_menu_pad01	5244	Ft_	0x82A2B8
Ft_menu_pad02	5245	Ft_	0x82A2DC
Ft_menu_pad03	5246	Ft_	0x82A300
Ft_menu_pad04	5247	Ft_	0x82A324
Ft_menu_pad05	5248	Ft_	0x82A348
Ft_menu_pad06	5249	Ft_	0x82A36C
Ft_menu_pad07	5250	Ft_	0x82A390
Ft_menu_pad08	5251	Ft_	0x82A3B4
Ft_menu_pad09	5252	Ft_	0x82A3D8
Ft_menu_pad10	5253	Ft_	0x82A3FC
Ft_menu_pad11	5254	Ft_	0x82A420
Ft_menu_pad12	5255	Ft_	0x82A444
Ft_menu_pad13	5256	Ft_	0x82A468
Ft_menu_pad14	5257	Ft_	0x82A48C
Ft_menu_pad15	5258	Ft_	0x82A4B0
Ft_menu_pad16	5259	Ft_	0x82A4D4
Ft_menu_pad17	5260	Ft_	0x82A4F8
Ft_menu_pad18	5261	Ft_	0x82A51C
Ft_menu_pad19	5262	Ft_	0x82A540
Ft_menu_pad20	5263	Ft_	0x82A564
Ft_menu_pad21	5264	Ft_	0x82A588
Ft_menu_pad22	5265	Ft_	0x82A5AC
Ft_menu_pad23	5266	Ft_	0x82A5D0
Ft_menu_pad24	5267	Ft_	0x82A5F4
Ft_menu_pad25	5268	Ft_	0x82A618
Ft_menu_pad26	5269	Ft_	0x82A63C
Ft_menu_pad27	5270	Ft_	0x82A660
GOODS_SAVE_FLG_00	5271	GOODS_	0x82A684
GOODS_SAVE_FLG_01	5272	GOODS_	0x82A6A8
GOODS_SAVE_FLG_02	5273	GOODS_	0x82A6CC
GOODS_SAVE_FLG_03	5274	GOODS_	0x82A6F0
GOODS_SAVE_FLG_04	5275	GOODS_	0x82A714
GOODS_SAVE_FLG_05	5276	GOODS_	0x82A738
GOODS_SAVE_FLG_06	5277	GOODS_	0x82A75C
GOODS_SAVE_FLG_07	5278	GOODS_	0x82A780
GOODS_SAVE_FLG_08	5279	GOODS_	0x82A7A4
GOODS_SAVE_FLG_09	5280	GOODS_	0x82A7C8
GOODS_SAVE_FLG_10	5281	GOODS_	0x82A7EC
GOODS_SAVE_FLG_11	5282	GOODS_	0x82A810
GOODS_SAVE_FLG_12	5283	GOODS_	0x82A834
GOODS_SAVE_FLG_13	5284	GOODS_	0x82A858
GOODS_SAVE_FLG_14	5285	GOODS_	0x82A87C
GOODS_SAVE_FLG_15	5286	GOODS_	0x82A8A0
GOODS_SAVE_FLG_16	5287	GOODS_	0x82A8C4
GOODS_SAVE_FLG_17	5288	GOODS_	0x82A8E8
GOODS_SAVE_FLG_18	5289	GOODS_	0x82A90C
GOODS_SAVE_FLG_19	5290	GOODS_	0x82A930
GOODS_SAVE_FLG_20	5291	GOODS_	0x82A954
GOODS_SAVE_FLG_21	5292	GOODS_	0x82A978
GOODS_SAVE_FLG_22	5293	GOODS_	0x82A99C
GOODS_SAVE_FLG_23	5294	GOODS_	0x82A9C0
GOODS_SAVE_FLG_24	5295	GOODS_	0x82A9E4
GOODS_SAVE_FLG_25	5296	GOODS_	0x82AA08
GOODS_SAVE_FLG_26	5297	GOODS_	0x82AA2C
GOODS_SAVE_FLG_27	5298	GOODS_	0x82AA50
GOODS_SAVE_FLG_28	5299	GOODS_	0x82AA74
GOODS_SAVE_FLG_29	5300	GOODS_	0x82AA98
GOODS_SAVE_FLG_30	5301	GOODS_	0x82AABC
GOODS_SAVE_FLG_31	5302	GOODS_	0x82AAE0
GOODS_SAVE_FLG_32	5303	GOODS_	0x82AB04
GOODS_SAVE_FLG_33	5304	GOODS_	0x82AB28
GOODS_SAVE_FLG_34	5305	GOODS_	0x82AB4C
GOODS_SAVE_FLG_35	5306	GOODS_	0x82AB70
GOODS_SAVE_FLG_36	5307	GOODS_	0x82AB94
GOODS_SAVE_FLG_37	5308	GOODS_	0x82ABB8
GOODS_SAVE_FLG_38	5309	GOODS_	0x82ABDC
GOODS_SAVE_FLG_39	5310	GOODS_	0x82AC00
GOODS_SAVE_FLG_40	5311	GOODS_	0x82AC24
GOODS_SAVE_FLG_41	5312	GOODS_	0x82AC48
GOODS_SAVE_FLG_42	5313	GOODS_	0x82AC6C
GOODS_SAVE_FLG_43	5314	GOODS_	0x82AC90
GOODS_SAVE_FLG_44	5315	GOODS_	0x82ACB4
GOODS_SAVE_FLG_45	5316	GOODS_	0x82ACD8
GOODS_SAVE_FLG_46	5317	GOODS_	0x82ACFC
GOODS_SAVE_FLG_47	5318	GOODS_	0x82AD20
GOODS_SAVE_FLG_48	5319	GOODS_	0x82AD44
GOODS_SAVE_FLG_49	5320	GOODS_	0x82AD68
F_sb22_goods_first	5321	F_	0x82AD8C
GOODS_pad1	5322	GOODS_	0x82ADB0
GOODS_pad2	5323	GOODS_	0x82ADD4
GOODS_pad3	5324	GOODS_	0x82ADF8
GOODS_pad4	5325	GOODS_	0x82AE1C
GOODS_pad5	5326	GOODS_	0x82AE40
GOODS_pad6	5327	GOODS_	0x82AE64
S_open_buy_dougu	0	S_	0x82AE88
S_open_sell_dougu	1	S_	0x82AEAC
S_open_buy_buki	2	S_	0x82AED0
S_open_sell_buki	3	S_	0x82AEF4
S_open_buy_mamono	4	S_	0x82AF18
S_open_sell_mamono	5	S_	0x82AF3C
S_NULL1	6	S_	0x82AF60
S_open_sell_mama	7	S_	0x82AF84
S_open_buy_daiku	8	S_	0x82AFA8
S_close_twin_shop	9	S_	0x82AFCC
S_active_twin_shop	10	S_	0x82AFF0
S_sleep_twin_shop	11	S_	0x82B014
S_store_twin_shop	12	S_	0x82B038
S_openbox_twin_shop	13	S_	0x82B05C
S_closebox_twin_shop	14	S_	0x82B080
S_town_map_set	15	S_	0x82B0A4
S_NULL2	16	S_	0x82B0C8
S_town_map_del	17	S_	0x82B0EC
S_CheckBuildBuildingLandNo	18	S_	0x82B110
S_BuildLandBuilding	19	S_	0x82B134
S_get_item_buy_money	20	S_	0x82B158
S_rand_sn	21	S_	0x82B17C
S_flgtst	22	S_	0x82B1A0
S_f_LandBuildingNo	23	S_	0x82B1C4
S_open_twin_souko	24	S_	0x82B1E8
S_Control_CD	25	S_	0x82B20C
S_open_shop	26	S_	0x82B230
S_get_item_sell_money	27	S_	0x82B254
S_CheckBuildBuildingLand	28	S_	0x82B278
S_plt_carry_on_chk_ext	29	S_	0x82B29C
S_plt_carry_item_del_ext	30	S_	0x82B2C0
S_itm_mon_koyaw_set	31	S_	0x82B2E4
S_load_bin_nametwin	32	S_	0x82B308
S_set_no_change_seq	33	S_	0x82B32C
S_mascot_anime_chg	34	S_	0x82B350
S_printf	90	S_	0x82B374
S_sprintf	91	S_	0x82B398
S_getchar	92	S_	0x82B3BC
S_exit	93	S_	0x82B3E0
V_buki_gosyu_sno	0	V_	0x82B404
V_cheriru00	1	V_	0x82B428
V_daiku_num_bilud	2	V_	0x82B44C
V_pad03	3	V_	0x82B470
V_pad04	4	V_	0x82B494
V_pad05	5	V_	0x82B4B8
V_pad06	6	V_	0x82B4DC
V_pad07	7	V_	0x82B500
V_pad08	8	V_	0x82B524
V_pad09	9	V_	0x82B548
V_pad10	10	V_	0x82B56C
V_pad11	11	V_	0x82B590
V_pad12	12	V_	0x82B5B4
V_pad13	13	V_	0x82B5D8
V_pad14	14	V_	0x82B5FC
V_pad15	15	V_	0x82B620
V_pad16	16	V_	0x82B644
V_pad17	17	V_	0x82B668
V_pad18	18	V_	0x82B68C
V_pad19	19	V_	0x82B6B0
V_pad20	20	V_	0x82B6D4
NUM_SN_VAR_WORK	21	NUM_	0x82B6F8
S_ARG_MYMONEY	21	S_	0x82B71C
S_ARG_MAX_TOWER	22	S_	0x82B740
S_ARG_TOWER	23	S_	0x82B764
S_ARG_CNT_TOWER	24	S_	0x82B788
S_AEG_SNFG_P	25	S_	0x82B7AC
V_pobj	26	V_	0x82B7D0
V_item_type_data	27	V_	0x82B7F4
V_sys	28	V_	0x82B818
V_gamew2	29	V_	0x82B83C
Mode_inhouse	0	Mode_	0x82B860
Mode_person	1	Mode_	0x82B884
Arg_sno	0	Arg_	0x82B8A8
Arg_mode	1	Arg_	0x82B8CC
Arg_pno	2	Arg_	0x82B8F0
